-- phpMyAdmin SQL Dump
-- version 5.2.1
-- https://www.phpmyadmin.net/
--
-- Host: 127.0.0.1
-- Generation Time: Apr 26, 2024 at 08:37 AM
-- Server version: 10.4.32-MariaDB
-- PHP Version: 8.2.12

SET SQL_MODE = "NO_AUTO_VALUE_ON_ZERO";
START TRANSACTION;
SET time_zone = "+00:00";


/*!40101 SET @OLD_CHARACTER_SET_CLIENT=@@CHARACTER_SET_CLIENT */;
/*!40101 SET @OLD_CHARACTER_SET_RESULTS=@@CHARACTER_SET_RESULTS */;
/*!40101 SET @OLD_COLLATION_CONNECTION=@@COLLATION_CONNECTION */;
/*!40101 SET NAMES utf8mb4 */;

--
-- Database: `bpsdemak`
--

-- --------------------------------------------------------

--
-- Table structure for table `atasan`
--

CREATE TABLE `atasan` (
  `id` int(11) NOT NULL,
  `nama_atasan` varchar(50) NOT NULL,
  `created_at` datetime DEFAULT NULL,
  `updated_at` datetime DEFAULT NULL,
  `deleted_at` datetime DEFAULT NULL
) ENGINE=InnoDB DEFAULT CHARSET=utf8mb4 COLLATE=utf8mb4_general_ci;

--
-- Dumping data for table `atasan`
--

INSERT INTO `atasan` (`id`, `nama_atasan`, `created_at`, `updated_at`, `deleted_at`) VALUES
(1, 'Henri Wagiyanto', NULL, NULL, NULL),
(2, 'Masykuri Zaen', NULL, NULL, NULL),
(3, 'Moh.Saiful Hidayah Brotowiyono S.Si, MM', NULL, NULL, NULL),
(4, 'Ir. Budi Arif Nugroho M.Si.', NULL, NULL, NULL),
(6, 'Rini Astuti SST', NULL, NULL, NULL),
(8, 'Aji Wahyu Ramadhani SST, M.Si', NULL, NULL, NULL),
(9, 'Rifki Sunu', '2024-01-11 03:24:45', '2024-01-11 03:24:45', NULL),
(10, 'Rini Astuti', '2024-01-11 03:25:01', '2024-01-11 03:25:01', NULL),
(11, 'M Abdul Aziz', '2024-01-15 01:28:51', '2024-01-15 01:28:51', NULL),
(12, 'Paramitha Hanifia', '2024-01-15 01:29:15', '2024-01-15 01:29:15', NULL),
(14, 'Muna', '2024-01-15 01:30:09', '2024-01-15 01:30:09', NULL),
(15, 'Sucipto', '2024-03-06 03:56:13', '2024-03-06 03:56:13', NULL);

-- --------------------------------------------------------

--
-- Table structure for table `auth_activation_attempts`
--

CREATE TABLE `auth_activation_attempts` (
  `id` int(11) UNSIGNED NOT NULL,
  `ip_address` varchar(255) NOT NULL,
  `user_agent` varchar(255) NOT NULL,
  `token` varchar(255) DEFAULT NULL,
  `created_at` datetime NOT NULL
) ENGINE=InnoDB DEFAULT CHARSET=utf8 COLLATE=utf8_general_ci;

-- --------------------------------------------------------

--
-- Table structure for table `auth_groups`
--

CREATE TABLE `auth_groups` (
  `id` int(11) UNSIGNED NOT NULL,
  `name` varchar(255) NOT NULL,
  `description` varchar(255) NOT NULL
) ENGINE=InnoDB DEFAULT CHARSET=utf8 COLLATE=utf8_general_ci;

--
-- Dumping data for table `auth_groups`
--

INSERT INTO `auth_groups` (`id`, `name`, `description`) VALUES
(1, 'admin', 'Administrator'),
(2, 'user', 'Pengguna');

-- --------------------------------------------------------

--
-- Table structure for table `auth_groups_permissions`
--

CREATE TABLE `auth_groups_permissions` (
  `group_id` int(11) UNSIGNED NOT NULL DEFAULT 0,
  `permission_id` int(11) UNSIGNED NOT NULL DEFAULT 0
) ENGINE=InnoDB DEFAULT CHARSET=utf8 COLLATE=utf8_general_ci;

--
-- Dumping data for table `auth_groups_permissions`
--

INSERT INTO `auth_groups_permissions` (`group_id`, `permission_id`) VALUES
(1, 1),
(1, 2),
(2, 2);

-- --------------------------------------------------------

--
-- Table structure for table `auth_groups_users`
--

CREATE TABLE `auth_groups_users` (
  `group_id` int(11) UNSIGNED NOT NULL DEFAULT 0,
  `user_id` int(11) UNSIGNED NOT NULL DEFAULT 0
) ENGINE=InnoDB DEFAULT CHARSET=utf8 COLLATE=utf8_general_ci;

--
-- Dumping data for table `auth_groups_users`
--

INSERT INTO `auth_groups_users` (`group_id`, `user_id`) VALUES
(1, 1),
(1, 7),
(1, 9),
(1, 10),
(2, 2),
(2, 6),
(2, 7),
(2, 8),
(2, 9),
(2, 10),
(2, 11),
(2, 12),
(2, 13),
(2, 14),
(2, 15),
(2, 16),
(2, 17),
(2, 18),
(2, 19),
(2, 20),
(2, 21),
(2, 22),
(2, 23),
(2, 24),
(2, 25),
(2, 26),
(2, 27),
(2, 28),
(2, 29),
(2, 30),
(2, 31),
(2, 32),
(2, 33),
(2, 34),
(2, 35),
(2, 36),
(2, 37),
(2, 38),
(2, 39),
(2, 40),
(2, 41);

-- --------------------------------------------------------

--
-- Table structure for table `auth_logins`
--

CREATE TABLE `auth_logins` (
  `id` int(11) UNSIGNED NOT NULL,
  `ip_address` varchar(255) DEFAULT NULL,
  `email` varchar(255) DEFAULT NULL,
  `user_id` int(11) UNSIGNED DEFAULT NULL,
  `date` datetime NOT NULL,
  `success` tinyint(1) NOT NULL
) ENGINE=InnoDB DEFAULT CHARSET=utf8 COLLATE=utf8_general_ci;

--
-- Dumping data for table `auth_logins`
--

INSERT INTO `auth_logins` (`id`, `ip_address`, `email`, `user_id`, `date`, `success`) VALUES
(1, '::1', 'amuhshi@gmail.com', 1, '2024-01-03 03:22:08', 1),
(2, '::1', 'amuhshi', NULL, '2024-01-03 03:27:04', 0),
(3, '::1', 'amuhshi@gmail.com', 1, '2024-01-03 03:27:11', 1),
(4, '::1', 'amuhshi@gmail.com', 1, '2024-01-03 06:31:38', 1),
(5, '::1', 'muhshi', NULL, '2024-01-04 01:25:41', 0),
(6, '::1', 'amuhshi@gmail.com', 1, '2024-01-04 01:25:51', 1),
(7, '::1', 'wiwiw@bps.go.id', 2, '2024-01-04 01:41:50', 1),
(8, '::1', 'masykuri.zaen@bps.go.id', 3, '2024-01-04 02:38:34', 1),
(9, '::1', 'amuhshi@gmail.com', 1, '2024-01-04 02:46:19', 1),
(10, '::1', 'muhshi@gmail.com', 5, '2024-01-05 02:44:13', 1),
(11, '::1', 'amuhshi@gmail.com', 1, '2024-01-05 02:44:57', 1),
(12, '::1', 'wiwiw@bps.go.id', 2, '2024-01-05 02:46:36', 1),
(13, '::1', 'wiwiw@bps.go.id', 2, '2024-01-05 02:48:05', 1),
(14, '::1', 'amuhshi@gmail.com', 1, '2024-01-05 02:48:19', 1),
(15, '::1', 'wiwiw@bps.go.id', 2, '2024-01-05 02:51:15', 1),
(16, '::1', 'amuhshi@gmail.com', 1, '2024-01-05 02:51:59', 1),
(17, '::1', 'amuhshi@gmail.com', 1, '2024-01-05 04:16:40', 1),
(18, '::1', 'wiwiw@bps.go.id', 2, '2024-01-05 04:32:21', 1),
(19, '::1', 'amuhshi@gmail.com', 1, '2024-01-05 06:35:08', 1),
(20, '::1', 'amuhshi@gmail.com', 1, '2024-01-05 06:36:28', 1),
(21, '::1', 'wiwiw', NULL, '2024-01-05 06:39:04', 0),
(22, '::1', 'wiwiw@bps.go.id', 2, '2024-01-05 06:39:11', 1),
(23, '::1', 'amuhshi@gmail.com', 1, '2024-01-05 06:40:06', 1),
(24, '::1', 'amuhshi@gmail.com', 1, '2024-01-08 01:35:25', 1),
(25, '::1', 'amuhshi@gmail.com', 1, '2024-01-08 01:44:03', 1),
(26, '::1', 'zaen', NULL, '2024-01-08 03:48:12', 0),
(27, '::1', 'amuhshi@gmail.com', 1, '2024-01-08 03:48:20', 1),
(28, '::1', 'amuhshi@gmail.com', 1, '2024-01-08 06:35:55', 1),
(29, '::1', 'amuhshi@gmail.com', 1, '2024-01-08 08:01:50', 1),
(30, '::1', 'amuhshi@gmail.com', 1, '2024-01-08 08:16:53', 1),
(31, '::1', 'amuhshi@gmail.com', 1, '2024-01-08 08:42:59', 1),
(32, '::1', 'amuhshi@gmail.com', 1, '2024-01-09 00:27:02', 1),
(33, '::1', 'wiwiw@bps.go.id', 2, '2024-01-09 02:52:39', 1),
(34, '::1', 'amuhshi@gmail.com', 1, '2024-01-09 02:53:15', 1),
(35, '::1', 'amuhshi@gmail.com', 1, '2024-01-09 07:25:10', 1),
(36, '10.133.21.21', 'amuhshi@gmail.com', 1, '2024-01-09 07:39:12', 1),
(37, '10.133.21.99', 'amuhshi@gmail.com', 1, '2024-01-09 07:39:42', 1),
(38, '10.133.21.21', 'muhshi', NULL, '2024-01-09 08:10:54', 0),
(39, '10.133.21.21', 'amuhshi@gmail.com', 1, '2024-01-09 08:11:01', 1),
(40, '10.133.21.99', 'amuhshi@gmail.com', 1, '2024-01-09 08:14:26', 1),
(41, '10.133.21.99', 'wiwiw@bps.go.id', 2, '2024-01-09 08:26:33', 1),
(42, '10.133.21.99', 'paramitha', NULL, '2024-01-09 08:35:48', 0),
(43, '10.133.21.99', 'paramitha', NULL, '2024-01-09 08:35:48', 0),
(44, '10.133.21.99', 'paramitha', NULL, '2024-01-09 08:35:49', 0),
(45, '10.133.21.99', 'paramitha@bps.go.id', NULL, '2024-01-09 08:36:02', 0),
(46, '10.133.21.99', 'paramitha@bps.go.id', NULL, '2024-01-09 08:36:30', 0),
(47, '10.133.21.99', 'paramitha@bps.go.id', 7, '2024-01-09 08:39:15', 1),
(48, '10.133.21.99', 'nur.kurnia@bps.go.id', 8, '2024-01-09 08:41:11', 1),
(49, '10.133.21.99', 'nur.kurnia@bps.go.id', 8, '2024-01-09 08:47:45', 1),
(50, '10.133.21.21', 'masykuri.zaen@bps.go.id', NULL, '2024-01-09 09:00:04', 0),
(51, '10.133.21.21', 'masykuri.zaen@bps.go.id', 6, '2024-01-09 09:01:30', 1),
(52, '10.133.21.21', 'amuhshi@gmail.com', 1, '2024-01-10 00:33:35', 1),
(53, '10.133.21.99', 'amuhshi@gmail.com', 1, '2024-01-10 00:40:10', 1),
(54, '10.133.21.99', 'wiwiw@bps.go.id', 2, '2024-01-10 00:43:49', 1),
(55, '10.133.21.99', 'wiwiw@bps.go.id', 2, '2024-01-10 01:49:30', 1),
(56, '10.133.21.99', 'ciptomadhani@bps.go.id', 9, '2024-01-10 02:02:18', 1),
(57, '10.133.21.99', 'edy.utomo', NULL, '2024-01-10 02:02:28', 0),
(58, '10.133.21.99', 'edy.utomo', NULL, '2024-01-10 02:02:37', 0),
(59, '10.133.21.99', 'edy.utomo', NULL, '2024-01-10 02:03:43', 0),
(60, '10.133.21.99', 'imam.sugiarto', NULL, '2024-01-10 02:04:58', 0),
(61, '10.133.21.99', 'imam.sugiarto@bps.go.id', NULL, '2024-01-10 02:05:37', 0),
(62, '10.133.21.99', 'imam.sugiarto@bps.go.id', 11, '2024-01-10 02:07:29', 1),
(63, '10.133.21.99', 'anjung.budi', NULL, '2024-01-10 02:08:42', 0),
(64, '10.133.21.99', 'anjung.budi', NULL, '2024-01-10 02:09:13', 0),
(65, '10.133.21.99', 'ajhie@bps.go.id', 12, '2024-01-10 02:09:17', 1),
(66, '10.133.21.99', 'anjung.budi', NULL, '2024-01-10 02:09:37', 0),
(67, '10.133.21.99', 'Siswo.pranyoto', NULL, '2024-01-10 02:10:28', 0),
(68, '10.133.21.99', 'Siswo.pranyoto@bps.go.id', NULL, '2024-01-10 02:11:24', 0),
(69, '10.133.21.99', 'edy.utomo@bps.go.id', 13, '2024-01-10 02:12:57', 1),
(70, '10.133.21.99', 'prayogisuko@bps.go.id', 14, '2024-01-10 02:13:58', 1),
(71, '10.133.21.99', 'abdul.khalim', NULL, '2024-01-10 02:15:44', 0),
(72, '10.133.21.99', 'abdul.khalim', NULL, '2024-01-10 02:16:11', 0),
(73, '10.133.21.99', 'Siswo.pranyoto', NULL, '2024-01-10 02:17:12', 0),
(74, '10.133.21.98', 'maaziz@bps.go.id', 16, '2024-01-10 02:17:16', 1),
(75, '10.133.21.99', 'abdul.khalim', NULL, '2024-01-10 02:17:35', 0),
(76, '10.133.21.99', 'siswo.pranyoto@bps.go.id', 15, '2024-01-10 02:17:38', 1),
(77, '10.133.21.99', 'abdul.khalim', NULL, '2024-01-10 02:17:43', 0),
(78, '10.133.21.99', 'siswo2@bps.go.id', 17, '2024-01-10 02:18:48', 1),
(79, '10.133.21.99', 'abdul.khalim', NULL, '2024-01-10 02:19:19', 0),
(80, '10.133.21.99', 'Abdul.Khalim', NULL, '2024-01-10 02:20:01', 0),
(81, '10.133.21.99', 'anjung.budi', NULL, '2024-01-10 02:25:11', 0),
(82, '10.133.21.99', 'siswo2@bps.go.id', 17, '2024-01-10 02:25:22', 1),
(83, '10.133.21.99', 'anjung.budi', NULL, '2024-01-10 02:25:33', 0),
(84, '10.133.21.99', 'anjung.budi', NULL, '2024-01-10 02:25:49', 0),
(85, '10.133.21.99', 'maruf.sy@bps.go.id', 18, '2024-01-10 02:26:03', 1),
(86, '10.133.21.99', 'Kungnyoto', NULL, '2024-01-10 02:27:26', 0),
(87, '10.133.21.99', 'maruf.sy@bps.go.id', 18, '2024-01-10 02:27:55', 1),
(88, '10.133.21.99', 'Kungnyoto', NULL, '2024-01-10 02:27:56', 0),
(89, '10.133.21.99', 'prayogisuko@bps.go.id', 14, '2024-01-10 02:28:07', 1),
(90, '10.133.21.99', 'Siswo.pranyoto', NULL, '2024-01-10 02:28:19', 0),
(91, '10.133.21.99', 'siswo.pranyoto@bps.go.id', 15, '2024-01-10 02:28:38', 1),
(92, '10.133.21.99', 'wiwiw@bps.go.id', NULL, '2024-01-10 02:32:58', 0),
(93, '10.133.21.99', 'wiwiw', NULL, '2024-01-10 02:33:24', 0),
(94, '10.133.21.99', 'abdulkhalim', NULL, '2024-01-10 02:34:11', 0),
(95, '10.133.21.99', 'wiwiw@bps.go.id', 2, '2024-01-10 02:34:18', 1),
(96, '10.133.21.99', 'abdulkhalim', NULL, '2024-01-10 02:34:24', 0),
(97, '10.133.21.99', 'abdulkhalim', NULL, '2024-01-10 02:34:25', 0),
(98, '10.133.21.99', 'abdulkhalim', NULL, '2024-01-10 02:34:37', 0),
(99, '10.133.21.172', 'paramitha@bps.go.id', 7, '2024-01-10 02:35:17', 1),
(100, '10.133.21.98', 'supriharto2@bps.go.id', 21, '2024-01-10 02:37:17', 1),
(101, '10.133.21.99', 'abdulkhalim', NULL, '2024-01-10 02:37:34', 0),
(102, '10.133.21.99', 'anjung.budi', NULL, '2024-01-10 02:37:36', 0),
(103, '10.133.21.51', 'wiwiw@bps.go.id', 2, '2024-01-10 02:37:41', 1),
(104, '10.133.21.99', 'anjung.budi@bps.go.id', 19, '2024-01-10 02:37:54', 1),
(105, '10.133.21.99', 'wiwiw@bps.go.id', 2, '2024-01-10 02:38:11', 1),
(106, '10.133.21.99', 'abdul.khalim@bps.go.id', 20, '2024-01-10 02:41:55', 1),
(107, '10.133.21.141', 'henriw@bps.go.id', 10, '2024-01-10 02:54:24', 1),
(108, '10.133.21.98', 'ciptomadhani@bps.go.id', 9, '2024-01-10 04:35:53', 1),
(109, '10.133.21.98', 'maaziz@bps.go.id', 16, '2024-01-10 06:56:42', 1),
(110, '10.133.21.98', 'ajhie', NULL, '2024-01-10 07:00:45', 0),
(111, '10.133.21.98', 'ajhie', NULL, '2024-01-10 07:01:12', 0),
(112, '10.133.21.98', 'ajhie', NULL, '2024-01-10 07:01:42', 0),
(113, '10.133.21.98', 'ajhie@bps.go.id', 12, '2024-01-10 07:03:58', 1),
(114, '10.133.21.98', 'ciptomadhani@bps.go.id', 9, '2024-01-10 07:51:45', 1),
(115, '10.133.21.21', 'amuhshi@gmail.com', 1, '2024-01-10 07:52:37', 1),
(116, '10.133.21.99', 'siswo.pranyoto@bps.go.id', 15, '2024-01-10 08:18:52', 1),
(117, '10.133.21.99', 'amuhshi@gmail.com', 1, '2024-01-11 02:41:47', 1),
(118, '10.133.21.21', 'amuhshi@gmail.com', 1, '2024-01-11 02:57:04', 1),
(119, '10.133.21.21', 'amuhshi@gmail.com', 1, '2024-01-11 03:20:31', 1),
(120, '10.133.21.21', 'wiwiw', NULL, '2024-01-11 03:25:29', 0),
(121, '10.133.21.21', 'masykuri.zaen@bps.go.id', 6, '2024-01-11 03:25:37', 1),
(122, '10.133.21.21', 'amuhshi@gmail.com', 1, '2024-01-11 03:26:02', 1),
(123, '10.133.21.99', 'paramitha@bps.go.id', 7, '2024-01-11 03:27:17', 1),
(124, '10.133.21.21', 'amuhshi@gmail.com', 1, '2024-01-11 03:33:38', 1),
(125, '10.133.21.21', 'paramitha', NULL, '2024-01-11 03:36:37', 0),
(126, '10.133.21.21', 'paramitha@bps.go.id', 7, '2024-01-11 03:36:55', 1),
(127, '10.133.21.99', 'herwastuti.oktaviani@bps.go.id', NULL, '2024-01-11 06:15:22', 0),
(128, '10.133.21.99', 'herwastuti.oktaviani', NULL, '2024-01-11 06:16:00', 0),
(129, '10.133.21.99', 'herwastuti.oktaviani@bps.go.id', NULL, '2024-01-11 06:16:51', 0),
(130, '10.133.21.99', 'herwastuti.oktaviani', NULL, '2024-01-11 06:17:16', 0),
(131, '10.133.21.99', 'herwastuti.oktaviani', NULL, '2024-01-11 06:17:53', 0),
(132, '10.133.21.98', 'buyung', NULL, '2024-01-11 06:27:07', 0),
(133, '10.133.21.98', 'buyungfirman@gmail.com', 22, '2024-01-11 06:27:24', 1),
(134, '10.133.21.21', 'amuhshi@gmail.com', 1, '2024-01-12 02:55:29', 1),
(135, '10.133.21.137', 'khusnul.khotimah@bps.go.id', 23, '2024-01-12 02:58:24', 1),
(136, '10.133.21.99', 'herwastuti.oktaviani@bps.go.id', 24, '2024-01-12 02:58:30', 1),
(137, '10.133.21.98', 'abdul.khalim@bps.go.id', 20, '2024-01-12 06:28:28', 1),
(138, '10.133.21.98', 'ajhie@bps.go.id', 12, '2024-01-12 06:50:27', 1),
(139, '10.133.21.99', 'yudia.hasibuan', NULL, '2024-01-15 01:05:50', 0),
(140, '10.133.21.99', 'yudia.hasibuan@bps.go.id', NULL, '2024-01-15 01:06:19', 0),
(141, '10.133.21.99', 'syahdi', NULL, '2024-01-15 01:06:45', 0),
(142, '10.133.21.99', 'syahdi', NULL, '2024-01-15 01:07:01', 0),
(143, '10.133.21.99', 'musyafaah@bps.go.id', NULL, '2024-01-15 01:08:15', 0),
(144, '10.133.21.99', 'syahdi@bps.go.id', 25, '2024-01-15 01:08:23', 1),
(145, '10.133.21.99', 'yudia.hasibuan', NULL, '2024-01-15 01:08:24', 0),
(146, '10.133.21.99', 'amuhshi@gmail.com', 1, '2024-01-15 01:09:28', 1),
(147, '10.133.21.99', 'musyafaah@bps.go.id', 26, '2024-01-15 01:11:14', 1),
(148, '10.133.21.99', 'yudia.hasibuan', NULL, '2024-01-15 01:26:55', 0),
(149, '10.133.21.99', 'yudia.hasibuan@bps.go.id', NULL, '2024-01-15 01:27:15', 0),
(150, '10.133.21.99', 'yudia.hasibuan@bps.go.id', 27, '2024-01-15 01:29:24', 1),
(151, '10.133.21.99', 'rini.astuti', NULL, '2024-01-15 01:41:25', 0),
(152, '10.133.21.99', 'maaziz@bps.go.id', 16, '2024-01-15 01:42:26', 1),
(153, '10.133.21.99', 'aris.sutikno', NULL, '2024-01-15 01:42:33', 0),
(154, '10.133.21.99', 'eena.the@gmail.com', 28, '2024-01-15 01:43:03', 1),
(155, '10.133.21.99', 'rini.astuti@bps.go.id', 29, '2024-01-15 01:44:22', 1),
(156, '10.133.21.99', 'muna@bps.go.id', 30, '2024-01-15 01:44:24', 1),
(157, '10.133.21.99', 'aris.sutikno@bps.go.id', 31, '2024-01-15 01:45:44', 1),
(158, '10.133.21.99', 'aris.sutikno@bps.go.id', 31, '2024-01-15 01:45:50', 1),
(159, '10.133.21.99', 'aliemsiddiq@bps.go.id', NULL, '2024-01-15 01:50:28', 0),
(160, '10.133.21.21', 'amuhshi@gmail.com', 1, '2024-01-15 01:54:01', 1),
(161, '10.133.21.99', 'edy.utomo', NULL, '2024-01-15 01:54:48', 0),
(162, '10.133.21.99', 'edy.utomo', NULL, '2024-01-15 01:55:15', 0),
(163, '10.133.21.99', 'maruf.sy@bps.go.id', 18, '2024-01-15 01:55:27', 1),
(164, '10.133.21.99', 'moh.saiful@bps.go.id', NULL, '2024-01-15 01:56:51', 0),
(165, '10.133.21.98', 'maaziz@bps.go.id', 16, '2024-01-15 01:57:55', 1),
(166, '10.133.21.98', 'abdul.khalim@bps.go.id', 20, '2024-01-15 01:58:12', 1),
(167, '10.133.21.99', 'moh.saiful@bps.go.id', NULL, '2024-01-15 01:58:37', 0),
(168, '10.133.21.98', 'ciptomadhani@bps.go.id', 9, '2024-01-15 02:02:24', 1),
(169, '10.133.21.145', 'ani.murwani@bps.go.id', 32, '2024-01-15 02:02:41', 1),
(170, '10.133.21.98', 'aliemsiddiq@bps.go.id', 33, '2024-01-15 02:03:08', 1),
(171, '10.133.21.98', 'buyungfirman@gmail.com', 22, '2024-01-15 02:05:17', 1),
(172, '10.133.21.145', 'amuhshi@gmail.com', 1, '2024-01-15 02:05:43', 1),
(173, '10.133.21.98', 'edy.utomo', NULL, '2024-01-15 02:05:51', 0),
(174, '10.133.21.98', 'edy.utomo', NULL, '2024-01-15 02:06:24', 0),
(175, '10.133.21.98', 'edy.utomo', NULL, '2024-01-15 02:06:48', 0),
(176, '10.133.21.98', 'edy.utomo', NULL, '2024-01-15 02:07:29', 0),
(177, '10.133.21.98', 'edy.utomo', NULL, '2024-01-15 02:08:29', 0),
(178, '10.133.21.99', 'moh.saiful@bps.go.id', 34, '2024-01-15 02:08:53', 1),
(179, '10.133.21.98', 'edy.utomo@bps.go.id', NULL, '2024-01-15 02:09:18', 0),
(180, '10.133.21.99', 'maruf.sy@bps.go.id', 18, '2024-01-15 02:09:34', 1),
(181, '10.133.21.99', 'maruf.sy@bps.go.id', 18, '2024-01-15 02:11:19', 1),
(182, '10.133.21.145', 'amuhshi@gmail.com', 1, '2024-01-15 02:11:32', 1),
(183, '10.133.21.99', 'Siswo.pranyoto', NULL, '2024-01-15 02:13:14', 0),
(184, '10.133.21.99', 'Kungnyot', NULL, '2024-01-15 02:13:33', 0),
(185, '10.133.21.99', 'Siswo.pranyoto', NULL, '2024-01-15 02:14:13', 0),
(186, '10.133.21.145', 'edyutomo', NULL, '2024-01-15 02:14:24', 0),
(187, '10.133.21.145', 'edyutomo', NULL, '2024-01-15 02:14:46', 0),
(188, '10.133.21.145', 'edy.utomo@bps.go.id', 13, '2024-01-15 02:15:15', 1),
(189, '10.133.21.99', 'Siswo.pranyoto', NULL, '2024-01-15 02:15:55', 0),
(190, '10.133.21.99', 'Siswo.pranyoto', NULL, '2024-01-15 02:16:33', 0),
(191, '10.133.21.98', 'ajhie@bps.go.id', 12, '2024-01-15 02:16:53', 1),
(192, '10.133.21.145', 'amuhshi@gmail.com', 1, '2024-01-15 02:17:12', 1),
(193, '10.133.21.99', 'Siswo.pranyoto', NULL, '2024-01-15 02:17:18', 0),
(194, '10.133.21.99', 'sulaeman@bps.go.id', 35, '2024-01-15 02:18:38', 1),
(195, '10.133.21.98', 'tri_mulya@bps.go.id', 36, '2024-01-15 02:21:25', 1),
(196, '10.133.21.98', 'muna@bps.go.id', 30, '2024-01-15 02:31:55', 1),
(197, '10.133.21.98', 'rifki@bps.go.id', 37, '2024-01-15 02:32:37', 1),
(198, '10.133.21.99', 'supriharto2@bps.go.id', 21, '2024-01-15 02:33:41', 1),
(199, '10.133.21.99', 'Siswo.pranyoto', NULL, '2024-01-15 02:42:50', 0),
(200, '10.133.21.99', 'Kungnyot', NULL, '2024-01-15 02:47:55', 0),
(201, '10.133.21.99', 'Kungnyot', NULL, '2024-01-15 02:48:24', 0),
(202, '10.133.21.99', 'Kungnyoto030', NULL, '2024-01-15 02:49:44', 0),
(203, '10.133.21.99', 'Kungnyoto030', NULL, '2024-01-15 02:50:06', 0),
(204, '10.133.21.99', 'siswo.pranyoto@bps.go.id', 15, '2024-01-15 02:50:40', 1),
(205, '10.133.21.98', 'musyafaah.bps.go.id', NULL, '2024-01-15 03:06:54', 0),
(206, '10.133.21.98', 'musyafaah@bps.go.id', 26, '2024-01-15 03:12:15', 1),
(207, '10.133.21.99', 'prayogisuko@bps.go.id', 14, '2024-01-15 03:21:29', 1),
(208, '10.133.21.98', 'eena.the@gmail.com', 28, '2024-01-15 03:27:27', 1),
(209, '10.133.21.98', 'ani.murwani@bps.go.id', NULL, '2024-01-15 03:32:11', 0),
(210, '10.133.21.98', 'ani.murwani@bps.go.id', 32, '2024-01-15 03:32:35', 1),
(211, '10.133.21.98', 'ciptomadhani@bps.go.id', 9, '2024-01-15 04:11:53', 1),
(212, '10.133.21.99', 'maruf.sy@bps.go.id', 18, '2024-01-15 06:39:49', 1),
(213, '10.133.21.99', 'syahdi@bps.go.id', 25, '2024-01-15 06:40:42', 1),
(214, '10.133.21.98', 'eena.the@gmail.com', 28, '2024-01-15 07:05:32', 1),
(215, '10.133.21.98', 'aliemsiddiq@bps.go.id', 33, '2024-01-15 08:51:06', 1),
(216, '10.133.21.98', 'edy.utomo@bps.go.id', 13, '2024-01-16 03:37:14', 1),
(217, '10.133.21.99', 'supriharto2@bps.go.id', 21, '2024-01-16 03:48:58', 1),
(218, '10.133.21.99', 'paramitha@bps.go.id', 7, '2024-01-16 03:57:36', 1),
(219, '10.133.21.21', 'masykuri.zaen@bps.go.id', 6, '2024-01-16 04:08:06', 1),
(220, '10.133.21.98', 'ani.murwani@bps.go.id', 32, '2024-01-16 04:45:06', 1),
(221, '10.133.21.99', 'syahdi@bps.go.id', 25, '2024-01-16 06:33:47', 1),
(222, '10.133.21.99', 'musyafaah@bps.go.id', 26, '2024-01-16 07:12:46', 1),
(223, '10.133.21.99', 'paramitha', NULL, '2024-01-16 07:34:43', 0),
(224, '10.133.21.99', 'abdul.khalim@bps.go.id', 20, '2024-01-16 07:34:50', 1),
(225, '10.133.21.99', 'paramitha@bps.go.id', 7, '2024-01-16 07:34:52', 1),
(226, '10.133.21.98', 'ajhie@bps.go.id', 12, '2024-01-16 08:27:06', 1),
(227, '10.133.21.98', 'muna@bps.go.id', 30, '2024-01-17 00:45:36', 1),
(228, '10.133.21.98', 'ciptomadhani@bps.go.id', 9, '2024-01-17 00:52:55', 1),
(229, '10.133.21.99', 'paramitha@bps.go.id', 7, '2024-01-17 02:07:17', 1),
(230, '10.133.21.99', 'paramitha@bps.go.id', 7, '2024-01-17 02:07:17', 1),
(231, '10.133.21.99', 'paramitha@bps.go.id', 7, '2024-01-17 02:07:17', 1),
(232, '10.133.21.51', 'wiwiw@bps.go.id', 2, '2024-01-17 02:09:35', 1),
(233, '10.133.21.99', 'yudia.hasibuan@bps.go.id', 27, '2024-01-17 02:17:43', 1),
(234, '10.133.21.99', 'sulaeman@bps.go.id', 35, '2024-01-17 02:18:22', 1),
(235, '10.133.21.98', 'ajhie@bps.go.id', 12, '2024-01-17 02:26:51', 1),
(236, '10.133.21.98', 'prayogisuko@bps.go.id', 14, '2024-01-17 07:02:09', 1),
(237, '10.133.21.99', 'khusnul.khotimah@bps.go.id', 23, '2024-01-17 07:15:00', 1),
(238, '10.133.21.99', 'sulaeman@bps.go.id', 35, '2024-01-18 01:42:16', 1),
(239, '10.133.21.99', 'amuhshi@gmail.com', 1, '2024-01-18 01:45:10', 1),
(240, '10.133.21.98', 'muna@bps.go.id', 30, '2024-01-18 01:46:34', 1),
(241, '10.133.21.99', 'Kungnyoto', NULL, '2024-01-18 01:47:41', 0),
(242, '10.133.21.99', 'siswo.pranyoto@bps.go.id', 15, '2024-01-18 01:48:08', 1),
(243, '10.133.21.98', 'musyafaah@bps.go.id', 26, '2024-01-18 01:51:07', 1),
(244, '10.133.21.99', 'abdul.khalim@bps.go.id', 20, '2024-01-18 01:52:10', 1),
(245, '10.133.21.98', 'edy.utomo@bps.go.id', 13, '2024-01-18 02:05:31', 1),
(246, '10.133.21.137', 'khusnul.khotimah@bps.go.id', 23, '2024-01-18 02:09:30', 1),
(247, '10.133.21.98', 'buyungfirman@gmail.com', 22, '2024-01-18 02:37:18', 1),
(248, '10.133.21.98', 'ciptomadhani@bps.go.id', 9, '2024-01-18 02:59:51', 1),
(249, '10.133.21.98', 'nunungsusanti1974@gmail.com', 38, '2024-01-18 03:48:04', 1),
(250, '10.133.21.99', 'amuhshi@gmail.com', 1, '2024-01-18 04:18:15', 1),
(251, '10.133.21.98', 'rifki', NULL, '2024-01-18 05:32:51', 0),
(252, '10.133.21.98', 'rifki', NULL, '2024-01-18 05:33:09', 0),
(253, '10.133.21.98', 'Imam', NULL, '2024-01-18 05:35:52', 0),
(254, '10.133.21.98', 'rifki@bps.go.id', 37, '2024-01-18 05:36:21', 1),
(255, '10.133.21.98', 'sugiarto.mukti.5758@gmail.com', 39, '2024-01-18 05:36:48', 1),
(256, '10.133.21.98', 'aliemsiddiq@bps.go.id', 33, '2024-01-18 05:41:03', 1),
(257, '10.133.21.98', 'budi.arif@bps.go.id', 40, '2024-01-18 05:41:39', 1),
(258, '10.133.21.137', 'khusnul.khotimah@bps.go.id', 23, '2024-01-18 05:49:19', 1),
(259, '10.133.21.98', 'nunungsusanti1974@gmail.com', 38, '2024-01-18 06:03:08', 1),
(260, '10.133.21.99', 'abdul.khalim@bps.go.id', 20, '2024-01-18 06:18:17', 1),
(261, '10.133.21.99', 'ciptomadhani@bps.go.id', 9, '2024-01-18 06:28:35', 1),
(262, '10.133.21.99', 'supriharto2@bps.go.id', 21, '2024-01-18 06:38:44', 1),
(263, '10.133.21.98', 'buyungfirman@gmail.com', 22, '2024-01-18 06:43:46', 1),
(264, '10.133.21.98', 'muna@bps.go.id', 30, '2024-01-18 07:34:07', 1),
(265, '10.133.21.99', 'paramitha@bps.go.id', 7, '2024-01-18 07:49:25', 1),
(266, '10.133.21.98', 'ani.murwani@bps.go.id', 32, '2024-01-18 08:03:00', 1),
(267, '10.133.21.98', 'ajhie@bps.go.id', 12, '2024-01-18 08:04:59', 1),
(268, '10.133.21.98', 'prayogisuko@bps.go.id', 14, '2024-01-18 08:35:45', 1),
(269, '10.133.21.99', 'supriharto2@bps.go.id', 21, '2024-01-19 00:39:25', 1),
(270, '10.133.21.99', 'imam sugiarto', NULL, '2024-01-19 00:42:20', 0),
(271, '10.133.21.99', 'imam sugiarto', NULL, '2024-01-19 00:42:34', 0),
(272, '10.133.21.99', 'imam sugiarto', NULL, '2024-01-19 00:42:56', 0),
(273, '10.133.21.98', 'muna@bps.go.id', 30, '2024-01-19 00:57:07', 1),
(274, '10.133.21.99', 'amuhshi@gmail.com', 1, '2024-01-19 01:41:41', 1),
(275, '10.133.21.99', 'henriw', NULL, '2024-01-19 01:42:34', 0),
(276, '10.133.21.99', 'henriw@bps.go.id', 10, '2024-01-19 01:44:06', 1),
(277, '10.133.21.21', 'zaen', NULL, '2024-01-19 01:45:21', 0),
(278, '10.133.21.21', 'masykuri.zaen@bps.go.id', 6, '2024-01-19 01:46:07', 1),
(279, '10.133.21.98', 'imam sugiarto', NULL, '2024-01-19 01:51:28', 0),
(280, '10.133.21.98', 'imam sugiarto', NULL, '2024-01-19 01:52:02', 0),
(281, '10.133.21.98', 'imam sugiarto', NULL, '2024-01-19 01:52:16', 0),
(282, '10.133.21.98', 'imam sugiarto', NULL, '2024-01-19 01:54:56', 0),
(283, '10.133.21.98', 'sugiarto', NULL, '2024-01-19 01:58:40', 0),
(284, '10.133.21.98', 'sugiarto', NULL, '2024-01-19 02:02:52', 0),
(285, '10.133.21.98', 'sugiartomukti3@gmail.com', 41, '2024-01-19 02:08:03', 1),
(286, '10.133.21.98', 'budi.arif@bps.go.id', 40, '2024-01-19 02:09:25', 1),
(287, '10.133.21.99', 'prayogisuko@bps.go.id', 14, '2024-01-19 02:10:24', 1),
(288, '10.133.21.99', 'henriw@bps.go.id', 10, '2024-01-19 04:41:25', 1),
(289, '10.133.21.98', 'buyungfirman@gmail.com', 22, '2024-01-19 06:19:19', 1),
(290, '10.133.21.99', 'amuhshi@gmail.com', 1, '2024-01-19 06:36:12', 1),
(291, '10.133.21.99', 'henriw@bps.go.id', 10, '2024-01-19 06:43:44', 1),
(292, '10.133.21.98', 'ciptomadhani@bps.go.id', 9, '2024-01-19 06:44:19', 1),
(293, '10.133.21.99', 'abdul.khalim@bps.go.id', 20, '2024-01-19 07:28:17', 1),
(294, '10.133.21.99', 'yudia.hasibuan@bps.go.id', 27, '2024-01-22 01:22:52', 1),
(295, '10.133.21.177', 'syahdi@bps.go.id', 25, '2024-01-22 02:17:52', 1),
(296, '10.133.21.98', 'ciptomadhani@bps.go.id', 9, '2024-01-22 02:54:37', 1),
(297, '10.133.21.99', 'supriharto2@bps.go.id', 21, '2024-01-22 02:59:41', 1),
(298, '10.133.21.99', 'paramitha@bps.go.id', 7, '2024-01-22 03:52:55', 1),
(299, '10.133.21.98', 'budi.arif@bps.go.id', 40, '2024-01-22 07:40:50', 1),
(300, '10.133.21.98', 'muna@bps.go.id', 30, '2024-01-22 07:50:45', 1),
(301, '10.133.21.98', 'musyafaah@bps.go.id', 26, '2024-01-22 07:57:41', 1),
(302, '10.133.21.98', 'ciptomadhani@bps.go.id', 9, '2024-01-22 08:16:11', 1),
(303, '10.133.21.98', 'ani.murwani@bps.go.id', 32, '2024-01-22 08:37:28', 1),
(304, '10.133.21.98', 'muna@bps.go.id', 30, '2024-01-23 00:32:48', 1),
(305, '10.133.21.99', 'supriharto2@bps.go.id', 21, '2024-01-23 00:59:44', 1),
(306, '10.133.21.98', 'ciptomadhani@bps.go.id', 9, '2024-01-23 01:18:58', 1),
(307, '10.133.21.98', 'edy.utomo@bps.go.id', 13, '2024-01-23 01:32:38', 1),
(308, '10.133.21.98', 'musyafaah@bps.go.id', 26, '2024-01-23 01:54:42', 1),
(309, '10.133.21.98', 'tri_mulya', NULL, '2024-01-23 02:03:02', 0),
(310, '10.133.21.98', 'tri_mulya@bps.go.id', 36, '2024-01-23 02:03:08', 1),
(311, '10.133.21.99', 'siswo.pranyoto@bps.go.id', 15, '2024-01-23 02:09:59', 1),
(312, '10.133.21.98', 'ani.murwani@bps.go.id', 32, '2024-01-23 06:42:05', 1),
(313, '10.133.21.99', 'syahdi@bps.go.id', 25, '2024-01-23 06:44:10', 1),
(314, '10.133.21.98', 'ciptomadhani@bps.go.id', 9, '2024-01-23 07:11:56', 1),
(315, '10.133.21.170', 'khusnul.khotimah@bps.go.id', 23, '2024-01-23 08:10:53', 1),
(316, '10.133.21.99', 'siswo.pranyoto@bps.go.id', 15, '2024-01-23 08:29:28', 1),
(317, '10.133.21.98', 'tri_mulya', NULL, '2024-01-23 08:38:22', 0),
(318, '10.133.21.98', 'tri_mulya', NULL, '2024-01-23 08:38:26', 0),
(319, '10.133.21.98', 'tri_mulya@bps.go.id', 36, '2024-01-23 08:38:30', 1),
(320, '10.133.21.98', 'budi.arif@bps.go.id', 40, '2024-01-24 00:29:01', 1),
(321, '10.133.21.99', 'supriharto2@bps.go.id', 21, '2024-01-24 00:57:45', 1),
(322, '10.133.21.170', 'khusnul.khotimah@bps.go.id', 23, '2024-01-24 01:23:27', 1),
(323, '10.133.21.99', 'henriw', NULL, '2024-01-24 01:47:58', 0),
(324, '10.133.21.98', 'ciptomadhani@bps.go.id', 9, '2024-01-24 02:54:05', 1),
(325, '10.133.21.141', 'henriw@bps.go.id', NULL, '2024-01-24 06:06:22', 0),
(326, '10.133.21.141', 'henriw@bps.go.id', 10, '2024-01-24 06:06:49', 1),
(327, '10.133.21.99', 'abdul.khalim@bps.go.id', NULL, '2024-01-24 06:18:25', 0),
(328, '10.133.21.99', 'abdul.khalim', NULL, '2024-01-24 06:18:53', 0),
(329, '10.133.21.99', 'abdul.khalim@bps.go.id', 20, '2024-01-24 06:19:09', 1),
(330, '10.133.21.98', 'budi.arif@bps.go.id', 40, '2024-01-24 07:41:43', 1),
(331, '10.133.21.98', 'ciptomadhani@bps.go.id', 9, '2024-01-24 08:09:17', 1),
(332, '10.133.21.98', 'ani.murwani@bps.go.id', 32, '2024-01-24 08:31:04', 1),
(333, '10.133.21.99', 'edy.utomo@bps.go.id', 13, '2024-01-24 08:49:39', 1),
(334, '10.133.21.99', 'imam.sugiarto@bps.go.id', NULL, '2024-01-24 08:52:02', 0),
(335, '10.133.21.99', 'imam.sugiarto', NULL, '2024-01-24 08:52:15', 0),
(336, '10.133.21.99', 'henriw', NULL, '2024-01-25 00:50:52', 0),
(337, '10.133.21.99', 'henriw@bps.go.id', 10, '2024-01-25 00:51:18', 1),
(338, '10.133.21.98', 'ani.murwani@bps.go.id', 32, '2024-01-25 01:48:10', 1),
(339, '10.133.21.98', 'Lydia mirna', NULL, '2024-01-25 01:48:35', 0),
(340, '10.133.21.99', 'abdul.khalim', NULL, '2024-01-25 01:50:01', 0),
(341, '10.133.21.98', 'eena.the@gmail.com', NULL, '2024-01-25 01:50:02', 0),
(342, '10.133.21.99', 'abdul.khalim@bps.go.id', 20, '2024-01-25 01:50:41', 1),
(343, '10.133.21.98', 'musyafaah@bps.go.id', 26, '2024-01-25 01:54:20', 1),
(344, '10.133.21.98', 'muna@bps.go.id', 30, '2024-01-25 01:54:59', 1),
(345, '10.133.21.98', 'eena.the@gmail.com', 28, '2024-01-25 01:56:50', 1),
(346, '10.133.21.98', 'ciptomadhani@bps.go.id', 9, '2024-01-25 01:56:52', 1),
(347, '10.133.21.98', 'aliemsiddiq@bps.go.id', 33, '2024-01-25 01:57:57', 1),
(348, '10.133.21.99', 'Prayogisuko', NULL, '2024-01-25 02:36:58', 0),
(349, '10.133.21.99', 'prayogisuko@bps.go.id', 14, '2024-01-25 02:37:07', 1),
(350, '10.133.21.98', 'tri_mulya@bps.go.id', 36, '2024-01-25 03:05:07', 1),
(351, '10.133.21.176', 'amuhshi@gmail.com', 1, '2024-01-25 03:07:45', 1),
(352, '10.133.21.99', 'paramitha@bps.go.id', 7, '2024-01-25 03:39:20', 1),
(353, '10.133.21.99', 'paramitha@bps.go.id', 7, '2024-01-25 03:39:20', 1),
(354, '10.133.21.99', 'paramitha@bps.go.id', 7, '2024-01-25 03:39:21', 1),
(355, '10.133.21.99', 'ciptomadhani@bps.go.id', 9, '2024-01-25 04:35:58', 1),
(356, '10.133.21.99', 'edy.utomo@bps.go.id', 13, '2024-01-25 04:47:15', 1),
(357, '10.133.21.98', 'aris.sutikno@bps.go.id', 31, '2024-01-25 04:52:18', 1),
(358, '10.133.21.99', 'abdul.khalim', NULL, '2024-01-25 05:21:15', 0),
(359, '10.133.21.99', 'abdu.khalim', NULL, '2024-01-25 05:22:03', 0),
(360, '10.133.21.99', 'abdul.khalim', NULL, '2024-01-25 05:22:28', 0),
(361, '10.133.21.99', 'abdul.khalim', NULL, '2024-01-25 05:22:48', 0),
(362, '10.133.21.99', 'abdul.khalim@bps.go.id', 20, '2024-01-25 05:23:02', 1),
(363, '10.133.21.98', 'rifki', NULL, '2024-01-25 05:54:47', 0),
(364, '10.133.21.98', 'rifki@bps.go.id', 37, '2024-01-25 05:58:14', 1),
(365, '10.133.21.99', 'henriw@bps.go.id', 10, '2024-01-25 06:40:11', 1),
(366, '10.133.21.176', 'amuhshi@gmail.com', 1, '2024-01-25 07:02:43', 1),
(367, '10.133.21.98', 'buyungfirman@gmail.com', 22, '2024-01-25 07:56:26', 1),
(368, '10.133.21.21', 'amuhshi@gmail.com', 1, '2024-01-26 00:17:24', 1),
(369, '10.133.21.170', 'khusnul.khotimah@bps.go.id', 23, '2024-01-26 00:49:39', 1),
(370, '10.133.21.99', 'siswo2@bps.go.id', 17, '2024-01-26 01:00:48', 1),
(371, '10.133.21.98', 'muna@bps.go.id', 30, '2024-01-26 02:35:29', 1),
(372, '10.133.21.99', 'maruf.sy@bps.go.id', 18, '2024-01-26 03:24:29', 1),
(373, '10.133.21.98', 'muna@bps.go.id', 30, '2024-01-29 01:48:46', 1),
(374, '10.133.21.98', 'musyafaah@bps.go.id', 26, '2024-01-29 01:50:11', 1),
(375, '10.133.21.99', 'paramitha@bps.go.id', 7, '2024-01-29 03:56:08', 1),
(376, '10.133.21.138', 'amuhshi@gmail.com', 1, '2024-01-29 03:57:58', 1),
(377, '10.133.21.99', 'nur.kurnia@bps.go.id', 8, '2024-01-29 03:59:38', 1),
(378, '10.133.21.98', 'rifki@bps.go.id', NULL, '2024-01-29 06:34:24', 0),
(379, '10.133.21.98', 'rifki@bps.go.id', 37, '2024-01-29 06:35:40', 1),
(380, '10.133.21.99', 'paramitha@bps.go.id', 7, '2024-01-29 08:54:02', 1),
(381, '10.133.21.99', 'paramitha@bps.go.id', 7, '2024-01-29 08:54:03', 1),
(382, '10.133.21.99', 'paramitha@bps.go.id', 7, '2024-01-29 08:54:03', 1),
(383, '10.133.21.99', 'edy.utomo@bps.go.id', 13, '2024-01-30 01:49:29', 1),
(384, '10.133.21.154', 'syahdi@bps.go.id', 25, '2024-01-30 01:51:05', 1),
(385, '10.133.21.99', 'prayogisuko@bps.go.id', 14, '2024-01-30 02:15:17', 1),
(386, '10.133.21.99', 'henriw@bps.go.id', 10, '2024-01-30 02:34:07', 1),
(387, '10.133.21.98', 'rifki@bps.go.id', 37, '2024-01-30 03:07:39', 1),
(388, '10.133.21.99', 'siswo2@bps.go.id', 17, '2024-01-30 06:39:50', 1),
(389, '10.133.21.98', 'edy.utomo@bps.go.id', 13, '2024-01-30 07:03:37', 1),
(390, '10.133.21.98', 'syahdi@bps.go.id', 25, '2024-01-30 07:11:10', 1),
(391, '10.133.21.98', 'rifki@bps.go.id', NULL, '2024-01-30 09:16:03', 0),
(392, '10.133.21.98', 'rifki@bps.go.id', 37, '2024-01-30 09:16:17', 1),
(393, '10.133.21.98', 'muna@bps.go.id', 30, '2024-01-31 00:47:37', 1),
(394, '10.133.21.98', 'ciptomadhani@bps.go.id', 9, '2024-01-31 05:13:17', 1),
(395, '10.133.21.99', 'siswo2@bps.go.id', 17, '2024-01-31 07:20:40', 1),
(396, '10.133.21.98', 'muna@bps.go.id', 30, '2024-01-31 07:47:50', 1),
(397, '10.133.21.98', 'musyafaah@bps.go.id', 26, '2024-01-31 08:27:52', 1),
(398, '10.133.21.98', 'rifki@bps.go.id', 37, '2024-02-01 02:44:17', 1),
(399, '10.133.21.149', 'ciptomadhani@bps.go.id', 9, '2024-02-01 04:59:41', 1),
(400, '10.133.21.98', 'rifki@bps.go.id', 37, '2024-02-01 06:55:05', 1),
(401, '10.133.21.176', 'amuhshi@gmail.com', 1, '2024-02-01 07:30:08', 1),
(402, '10.133.21.176', 'masykuri.zaen@bps.go.id', 6, '2024-02-01 07:32:13', 1),
(403, '10.133.21.98', 'muna@bps.go.id', 30, '2024-02-05 01:35:09', 1),
(404, '10.133.21.98', 'buyungfirman@gmail.com', 22, '2024-02-05 01:55:05', 1),
(405, '10.133.21.159', 'musyafaah@bps.go.id', 26, '2024-02-05 02:07:57', 1),
(406, '10.133.21.98', 'edy.utomo@bps.go.id', 13, '2024-02-05 02:08:20', 1),
(407, '10.133.21.159', 'abdul.khalim@bps.go.id', 20, '2024-02-05 02:15:01', 1),
(408, '10.133.21.159', 'abdul.khalim', NULL, '2024-02-05 02:55:00', 0),
(409, '10.133.21.159', 'abdul.khalim', NULL, '2024-02-05 02:55:21', 0),
(410, '10.133.21.159', 'abdul.khalim@bps.go.id', 20, '2024-02-05 02:55:32', 1),
(411, '10.133.21.99', 'paramitha@bps.go.id', 7, '2024-02-05 03:55:50', 1),
(412, '10.133.21.98', 'muna@bps.go.id', 30, '2024-02-05 04:29:37', 1),
(413, '10.133.21.176', 'amuhshi@gmail.com', 1, '2024-02-05 06:38:22', 1),
(414, '10.133.21.21', 'amuhshi@gmail.com', 1, '2024-02-05 07:20:59', 1),
(415, '10.133.21.98', 'ciptomadhani@bps.go.id', 9, '2024-02-05 08:10:16', 1),
(416, '10.133.21.99', 'nur.kurnia@bps.go.id', 8, '2024-02-05 08:24:23', 1),
(417, '10.133.21.98', 'eena.the@gmail.com', 28, '2024-02-05 08:40:07', 1),
(418, '10.133.21.170', 'khusnul.khotimah@bps.go.id', 23, '2024-02-06 02:08:37', 1),
(419, '10.133.21.98', 'muna@bps.go.id', 30, '2024-02-06 02:11:13', 1),
(420, '10.133.21.98', 'musyafaah@bps.go.id', 26, '2024-02-06 02:50:09', 1),
(421, '10.133.21.176', 'amuhshi@gmail.com', 1, '2024-02-06 03:27:54', 1),
(422, '10.133.21.98', 'musyafaah@bps.go.id', 26, '2024-02-06 07:04:37', 1),
(423, '10.133.21.98', 'ciptomadhani@bps.go.id', 9, '2024-02-06 07:23:30', 1),
(424, '10.133.21.99', 'nur.kurnia@bps.go.id', 8, '2024-02-06 08:38:55', 1),
(425, '10.133.21.99', 'henriw@bps.go.id', 10, '2024-02-07 00:53:54', 1),
(426, '10.133.21.99', 'imam.sugiarto@bps.go.id', NULL, '2024-02-07 02:20:19', 0),
(427, '10.133.21.51', 'wiwiw@bps.go.id', 2, '2024-02-07 02:23:50', 1),
(428, '10.133.21.99', 'khusnul.khotimah@bps.go.id', 23, '2024-02-07 02:33:51', 1),
(429, '10.133.21.99', 'sulaeman@bps.go.id', 35, '2024-02-07 02:34:24', 1),
(430, '10.133.21.176', 'amuhshi@gmail.com', 1, '2024-02-07 02:34:29', 1),
(431, '10.133.21.98', 'muna@bps.go.id', 30, '2024-02-07 03:53:26', 1),
(432, '10.133.21.98', 'budi.arif@bps.go.id', 40, '2024-02-07 03:56:20', 1),
(433, '10.133.21.99', 'henriw@bps.go.id', 10, '2024-02-07 04:02:22', 1),
(434, '10.133.21.99', 'paramitha@bps.go.id', 7, '2024-02-07 04:06:08', 1),
(435, '10.133.21.99', 'paramitha@bps.go.id', 7, '2024-02-07 04:06:08', 1),
(436, '10.133.21.99', 'paramitha@bps.go.id', 7, '2024-02-07 04:06:08', 1),
(437, '10.133.21.21', 'masykuri.zaen@bps.go.id', 6, '2024-02-07 04:09:08', 1),
(438, '10.133.21.99', 'anjung.budi@bps.go.id', 19, '2024-02-07 04:11:51', 1),
(439, '10.133.21.99', 'Supriharto2@bps.go.id', NULL, '2024-02-07 04:24:34', 0),
(440, '10.133.21.99', 'supriharto2@bps.go.id', 21, '2024-02-07 04:24:55', 1),
(441, '10.133.21.160', 'moh.saiful@bps.go.id', NULL, '2024-02-07 04:25:07', 0),
(442, '10.133.21.160', 'moh.saiful@bps.go.id', NULL, '2024-02-07 04:25:43', 0),
(443, '10.133.21.160', 'moh.saiful', NULL, '2024-02-07 04:26:09', 0),
(444, '10.133.21.160', 'Saiful', NULL, '2024-02-07 04:29:11', 0),
(445, '10.133.21.160', 'moh.saiful@bps.go.id', 34, '2024-02-07 04:31:08', 1),
(446, '10.133.21.176', 'amuhshi@gmail.com', 1, '2024-02-07 06:38:34', 1),
(447, '10.133.21.98', 'budi.arif@bps.go.id', 40, '2024-02-07 07:56:25', 1),
(448, '10.133.21.159', 'abdul.khalim@bps.go.id', 20, '2024-02-07 08:07:19', 1),
(449, '10.133.21.99', 'henriw@bps.go.id', 10, '2024-02-07 08:17:54', 1),
(450, '10.133.21.98', 'ciptomadhani@bps.go.id', 9, '2024-02-07 08:57:48', 1),
(451, '10.133.21.99', 'Supriharto2@bps.go.id', NULL, '2024-02-12 01:09:41', 0),
(452, '10.133.21.99', 'supriharto2@bps.go.id', 21, '2024-02-12 01:10:09', 1),
(453, '10.133.21.159', 'abdul.khalim@bps.go.id', 20, '2024-02-12 01:53:58', 1),
(454, '10.133.21.98', 'ani.murwani@bps.go.id', 32, '2024-02-12 02:25:46', 1),
(455, '10.133.21.98', 'muna@bps.go.id', 30, '2024-02-12 02:47:29', 1),
(456, '10.133.21.176', 'amuhshi@gmail.com', 1, '2024-02-12 04:09:06', 1),
(457, '10.133.21.98', 'budi.arif@bps.go.id', 40, '2024-02-12 06:51:29', 1),
(458, '10.133.21.176', 'amuhshi@gmail.com', 1, '2024-02-13 00:29:45', 1),
(459, '10.133.21.98', 'muna@bps.go.id', 30, '2024-02-13 02:25:31', 1),
(460, '10.133.21.98', 'ciptomadhani@bps.go.id', 9, '2024-02-13 02:40:32', 1),
(461, '10.133.21.99', 'edy.utomo@bps.go.id', 13, '2024-02-13 03:12:40', 1),
(462, '10.133.21.21', 'muhshi', NULL, '2024-02-13 07:11:34', 0),
(463, '10.133.21.21', 'amuhshi@gmail.com', 1, '2024-02-13 07:11:41', 1),
(464, '10.133.21.98', 'ciptomadhani@bps.go.id', 9, '2024-02-13 08:11:34', 1),
(465, '10.133.21.98', 'budi.arif@bps.go.id', 40, '2024-02-13 08:32:26', 1),
(466, '10.133.21.99', 'khusnul.khotimah@bps.go.id', 23, '2024-02-15 01:12:26', 1),
(467, '10.133.21.99', 'Kungnyoto', NULL, '2024-02-15 02:04:14', 0),
(468, '10.133.21.99', 'siswo.pranyoto@bps.go.id', 15, '2024-02-15 02:04:50', 1),
(469, '10.133.21.99', 'eena.the@gmail.com', 28, '2024-02-15 02:06:12', 1),
(470, '10.133.21.176', 'amuhshi@gmail.com', 1, '2024-02-15 02:48:46', 1),
(471, '10.133.21.99', 'paramitha@bps.go.id', 7, '2024-02-15 02:57:19', 1),
(472, '10.133.21.51', 'wiwiw@bps.go.id', 2, '2024-02-15 03:01:46', 1),
(473, '10.133.21.98', 'ciptomadhani@bps.go.id', 9, '2024-02-15 03:10:32', 1),
(474, '10.133.21.98', 'ani.murwani@bps.go.id', 32, '2024-02-15 04:11:21', 1),
(475, '10.133.21.99', 'syahdi', NULL, '2024-02-15 04:11:45', 0),
(476, '10.133.21.99', 'syahdi@bps.go.id', 25, '2024-02-15 04:11:54', 1),
(477, '10.133.21.98', 'muna@bps.go.id', 30, '2024-02-15 06:10:12', 1),
(478, '10.133.21.99', 'moh.saiful@bps.go.id', 34, '2024-02-15 06:16:04', 1),
(479, '10.133.21.98', 'edyutomo', NULL, '2024-02-15 06:18:14', 0),
(480, '10.133.21.98', 'edyutomo', NULL, '2024-02-15 06:19:07', 0),
(481, '10.133.21.98', 'edy.utomo@bps.go.id', 13, '2024-02-15 06:26:17', 1),
(482, '10.133.21.99', 'moh.saiful@bps.go.id', 34, '2024-02-15 06:29:26', 1),
(483, '10.133.21.98', 'budi.arif@bps.go.id', 40, '2024-02-15 07:09:14', 1),
(484, '10.133.21.21', 'masykuri.zaen@bps.go.id', 6, '2024-02-15 07:30:04', 1),
(485, '10.133.21.98', 'budi.arif@bps.go.id', 40, '2024-02-15 08:55:10', 1),
(486, '10.133.21.21', 'amuhshi@gmail.com', 1, '2024-02-19 01:32:47', 1),
(487, '10.133.21.98', 'ciptomadhani@bps.go.id', 9, '2024-02-19 01:43:58', 1),
(488, '10.133.21.98', 'ani.murwani@bps.go.id', 32, '2024-02-19 02:18:06', 1),
(489, '10.133.21.176', 'amuhshi@gmail.com', 1, '2024-02-19 02:20:06', 1),
(490, '10.133.21.164', 'SAIFUL', NULL, '2024-02-19 06:30:11', 0),
(491, '10.133.21.164', 'moh.saiful@bps.go.id', 34, '2024-02-19 06:30:39', 1),
(492, '10.133.21.99', 'Siswo2661@gmail.com', NULL, '2024-02-19 07:03:28', 0),
(493, '10.133.21.99', 'Siswo2661@gmail.com', NULL, '2024-02-19 07:03:36', 0),
(494, '10.133.21.99', 'Siswo2661@gmail.com', NULL, '2024-02-19 07:04:02', 0),
(495, '10.133.21.99', 'Siswo2661@gmail.com', NULL, '2024-02-19 07:06:37', 0),
(496, '10.133.21.99', 'Siswo2661@gmail.com', NULL, '2024-02-19 07:06:44', 0),
(497, '10.133.21.99', 'Siswo2661@gmail.com', NULL, '2024-02-19 07:07:03', 0),
(498, '10.133.21.98', 'budi.arif@bps.go.id', 40, '2024-02-19 08:10:48', 1),
(499, '10.133.21.99', 'yudia.hasibuan@bps.go.id', 27, '2024-02-20 00:43:57', 1),
(500, '10.133.21.99', 'Siswo2661@gmail.com', NULL, '2024-02-20 01:08:51', 0),
(501, '10.133.21.99', 'Siswo2661@gmail.com', NULL, '2024-02-20 01:09:50', 0),
(502, '10.133.21.98', 'ciptomadhani@bps.go.id', 9, '2024-02-20 01:50:08', 1),
(503, '10.133.21.99', 'siswo.pranyoto@bps.go.id', 15, '2024-02-20 03:01:45', 1),
(504, '10.133.21.99', 'paramitha@bps.go.id', 7, '2024-02-20 03:52:55', 1),
(505, '10.133.21.98', 'muna@bps.go.id', 30, '2024-02-20 06:44:00', 1),
(506, '10.133.21.98', 'musyafaah@bps.go.id', 26, '2024-02-20 07:02:40', 1),
(507, '10.133.21.99', 'M4rufsy010', NULL, '2024-02-21 01:30:20', 0),
(508, '10.133.21.99', 'M4rufsy010', NULL, '2024-02-21 01:31:25', 0),
(509, '10.133.21.99', 'M4rufsy010', NULL, '2024-02-21 01:31:59', 0),
(510, '10.133.21.99', 'M4rufsy010', NULL, '2024-02-21 01:32:17', 0),
(511, '10.133.21.99', 'maruf.sy@bps.go.id', 18, '2024-02-21 01:32:33', 1),
(512, '10.133.21.99', 'Siswo2661@gmail.com', NULL, '2024-02-21 01:34:38', 0),
(513, '10.133.21.99', 'Siswo2661@gmail.com', NULL, '2024-02-21 01:35:04', 0),
(514, '10.133.21.99', 'Siswo2661@gmail.com', NULL, '2024-02-21 01:35:08', 0),
(515, '10.133.21.99', 'Siswo2661@gmail.com', NULL, '2024-02-21 01:35:32', 0),
(516, '10.133.21.99', 'Siswo2661@gmail.com', NULL, '2024-02-21 01:36:00', 0),
(517, '10.133.21.99', 'Siswo2661@gmail.com', NULL, '2024-02-21 01:36:03', 0),
(518, '10.133.21.99', 'Siswo2661@gmail.com', NULL, '2024-02-21 01:37:00', 0),
(519, '10.133.21.176', 'amuhshi@gmail.com', 1, '2024-02-21 01:39:10', 1),
(520, '10.133.21.99', 'Siswo2', NULL, '2024-02-21 01:39:49', 0),
(521, '10.133.21.99', 'siswo2@bps.go.id', 17, '2024-02-21 01:43:59', 1),
(522, '10.133.21.51', 'wiwiw@bps.go.id', 2, '2024-02-21 02:13:20', 1),
(523, '10.133.21.99', 'paramitha@bps.go.id', 7, '2024-02-21 03:53:39', 1),
(524, '10.133.21.99', 'paramitha@bps.go.id', 7, '2024-02-21 03:53:39', 1),
(525, '10.133.21.98', 'ciptomadhani@bps.go.id', 9, '2024-02-21 04:25:39', 1),
(526, '10.133.21.176', 'amuhshi@gmail.com', 1, '2024-02-21 06:49:19', 1),
(527, '10.133.21.99', 'paramitha@bps.go.id', 7, '2024-02-21 07:46:50', 1),
(528, '10.133.21.98', 'muna@bps.go.id', 30, '2024-02-22 01:33:59', 1),
(529, '10.133.21.99', 'yudia.hasibuan@bps.go.id', 27, '2024-02-22 01:40:18', 1),
(530, '10.133.21.99', 'anjung.budi', NULL, '2024-02-22 02:09:18', 0),
(531, '10.133.21.99', 'anjung.budi@bps.go.id', 19, '2024-02-22 02:09:45', 1),
(532, '10.133.21.99', 'henriw@bps.go.id', 10, '2024-02-22 02:44:29', 1),
(533, '10.133.21.98', 'aris.sutikno@bps.go.id', 31, '2024-02-22 03:19:44', 1),
(534, '10.133.21.176', 'amuhshi@gmail.com', 1, '2024-02-22 03:31:28', 1),
(535, '10.133.21.176', 'muhshi', NULL, '2024-02-22 03:41:03', 0),
(536, '10.133.21.176', 'amuhshi@gmail.com', 1, '2024-02-22 03:41:09', 1),
(537, '10.133.21.176', 'masykuri.zaen@bps.go.id', 6, '2024-02-22 03:52:38', 1),
(538, '10.133.21.176', 'amuhshi@gmail.com', 1, '2024-02-22 04:13:45', 1),
(539, '10.133.21.98', 'budi.arif@bps.go.id', 40, '2024-02-22 04:54:44', 1),
(540, '10.133.21.176', 'amuhshi@gmail.com', 1, '2024-02-22 08:24:42', 1),
(541, '10.133.21.98', 'budi.arif@bps.go.id', 40, '2024-02-22 08:53:50', 1),
(542, '10.133.21.99', 'paramitha@bps.go.id', 7, '2024-02-23 01:11:27', 1),
(543, '10.133.21.99', 'nur.kurnia@bps.go.id', 8, '2024-02-23 01:11:39', 1),
(544, '10.133.21.99', 'eena.the@gmail.com', 28, '2024-02-23 01:12:40', 1),
(545, '10.133.21.21', 'masykuri.zaen@bps.go.id', 6, '2024-02-23 01:14:52', 1),
(546, '10.133.21.98', 'muna@bps.go.id', 30, '2024-02-23 01:40:10', 1),
(547, '10.133.21.98', 'ciptomadhani@bps.go.id', 9, '2024-02-23 02:00:11', 1),
(548, '10.133.21.98', 'maaziz', NULL, '2024-02-23 02:10:57', 0),
(549, '10.133.21.98', 'maaziz@bps.go.id', 16, '2024-02-23 02:13:06', 1),
(550, '10.133.21.170', 'khusnul.khotimah@bps.go.id', 23, '2024-02-23 03:17:27', 1),
(551, '10.133.21.98', 'ciptomadhani@bps.go.id', 9, '2024-02-23 07:46:00', 1),
(552, '10.133.21.98', 'budi.arif@bps.go.id', 40, '2024-02-23 09:11:41', 1),
(553, '10.133.21.176', 'amuhshi@gmail.com', 1, '2024-02-26 01:57:09', 1),
(554, '10.133.21.99', 'khusnul.khotimah@bps.go.id', 23, '2024-02-26 02:07:14', 1),
(555, '10.133.21.99', 'paramitha@bps.go.id', 7, '2024-02-26 02:13:50', 1),
(556, '10.133.21.99', 'paramitha@bps.go.id', 7, '2024-02-26 02:13:50', 1),
(557, '10.133.21.99', 'paramitha@bps.go.id', 7, '2024-02-26 02:13:50', 1),
(558, '10.133.21.99', 'siswo.pranyoto@bps.go.id', 15, '2024-02-26 02:28:36', 1),
(559, '10.133.21.99', 'edy.utomo@bps.go.id', 13, '2024-02-26 02:33:54', 1),
(560, '10.133.21.99', 'henriw@bps.go.id', 10, '2024-02-26 02:43:40', 1),
(561, '10.133.21.159', 'musyafaah@bps.go.id', 26, '2024-02-26 03:05:49', 1),
(562, '10.133.21.98', 'ani.murwani@bps.go.id', 32, '2024-02-26 03:36:16', 1),
(563, '10.133.21.99', 'eena.the@gmail.com', 28, '2024-02-26 04:01:46', 1),
(564, '10.133.21.98', 'budi.arif@bps.go.id', 40, '2024-02-26 04:38:20', 1),
(565, '10.133.21.98', 'maaziz', NULL, '2024-02-26 05:32:01', 0),
(566, '10.133.21.98', 'maaziz@bps.go.id', 16, '2024-02-26 05:32:08', 1),
(567, '10.133.21.98', 'budi.arif@bps.go.id', 40, '2024-02-26 07:52:22', 1),
(568, '10.133.21.98', 'muna@bps.go.id', 30, '2024-02-26 08:43:35', 1),
(569, '10.133.21.176', 'amuhshi@gmail.com', 1, '2024-02-27 01:11:30', 1),
(570, '10.133.21.21', 'masykuri.zaen@bps.go.id', 6, '2024-02-27 01:42:00', 1),
(571, '10.133.21.21', 'amuhshi@gmail.com', 1, '2024-02-27 01:42:38', 1),
(572, '10.133.21.119', 'henriw@bps.go.id', 10, '2024-02-27 02:39:40', 1),
(573, '10.133.21.51', 'wiwiw@bps.go.id', 2, '2024-02-27 02:50:37', 1),
(574, '10.133.21.119', 'paramitha@bps.go.id', 7, '2024-02-27 03:47:58', 1),
(575, '10.133.21.119', 'paramitha@bps.go.id', 7, '2024-02-27 03:47:58', 1),
(576, '10.133.21.119', 'paramitha@bps.go.id', 7, '2024-02-27 03:47:58', 1),
(577, '10.133.21.98', 'muna@bps.go.id', 30, '2024-02-27 06:04:25', 1),
(578, '10.133.21.98', 'musyafaah@bps.go.id', 26, '2024-02-27 06:17:20', 1),
(579, '10.133.21.119', 'henriw@bps.go.id', 10, '2024-02-27 07:14:08', 1),
(580, '10.133.21.98', 'eena.the@gmail.com', 28, '2024-02-27 07:16:29', 1),
(581, '10.133.21.21', 'masykuri.zaen@bps.go.id', 6, '2024-02-27 07:43:53', 1),
(582, '10.133.21.176', 'amuhshi@gmail.com', 1, '2024-02-27 09:00:39', 1),
(583, '10.133.21.176', 'amuhshi@gmail.com', 1, '2024-02-28 00:20:27', 1),
(584, '10.133.21.98', 'eena.the@gmail.com', 28, '2024-02-28 01:24:02', 1),
(585, '10.133.21.98', 'ciptomadhani@bps.go.id', 9, '2024-02-28 01:26:44', 1),
(586, '10.133.21.119', 'siswo.pranyoto@bps.go.id', 15, '2024-02-28 02:39:24', 1),
(587, '10.133.21.119', 'henriw@bps.go.id', 10, '2024-02-28 03:51:50', 1),
(588, '10.133.21.24', 'syahdi@bps.go.id', 25, '2024-02-28 06:53:15', 1),
(589, '10.133.21.51', 'wiwiw@bps.go.id', 2, '2024-02-29 00:17:41', 1),
(590, '10.133.21.119', 'anjung.budi', NULL, '2024-02-29 00:58:20', 0),
(591, '10.133.21.119', 'anjung.budi@bps.go.id', 19, '2024-02-29 00:58:48', 1),
(592, '10.133.21.98', 'muna@bps.go.id', 30, '2024-02-29 01:23:44', 1),
(593, '10.133.21.98', 'ani.murwani@bps.go.id', 32, '2024-02-29 03:10:21', 1),
(594, '10.133.21.119', 'khusnul.khotimah@bps.go.id', 23, '2024-02-29 03:37:28', 1),
(595, '10.133.21.98', 'budi.arif@bps.go.id', 40, '2024-02-29 03:52:14', 1),
(596, '10.133.21.98', 'muna@bps.go.id', 30, '2024-02-29 05:50:39', 1),
(597, '10.133.21.98', 'ani.murwani@bps.go.id', 32, '2024-02-29 08:02:19', 1),
(598, '10.133.21.24', 'syahdi2490@gmail.com', NULL, '2024-02-29 08:03:29', 0),
(599, '10.133.21.24', 'syahdi@bps.go.id', 25, '2024-02-29 08:03:38', 1),
(600, '10.133.21.170', 'khusnul.khotimah@bps.go.id', 23, '2024-03-01 02:39:33', 1),
(601, '10.133.21.98', 'budi.arif@bps.go.id', 40, '2024-03-01 07:05:16', 1),
(602, '10.133.21.21', 'masykuri.zaen@bps.go.id', 6, '2024-03-04 01:00:51', 1),
(603, '10.133.21.119', 'khusnul.khotimah@bps.go.id', 23, '2024-03-04 01:41:19', 1),
(604, '10.133.21.176', 'amuhshi@gmail.com', 1, '2024-03-04 03:55:07', 1),
(605, '10.133.21.119', 'paramitha@bps.go.id', 7, '2024-03-04 04:00:16', 1),
(606, '10.133.21.119', 'paramitha@bps.go.id', 7, '2024-03-04 04:00:16', 1),
(607, '10.133.21.119', 'paramitha@bps.go.id', 7, '2024-03-04 04:00:16', 1),
(608, '10.133.21.119', 'paramitha@bps.go.id', 7, '2024-03-04 04:00:16', 1),
(609, '10.133.21.98', 'ciptomadhani@bps.go.id', 9, '2024-03-04 04:17:02', 1),
(610, '10.133.21.119', 'khusnul.khotimah@bps.go.id', 23, '2024-03-04 06:25:59', 1),
(611, '10.133.21.98', 'budi.arif@bps.go.id', 40, '2024-03-04 08:10:15', 1),
(612, '10.133.21.119', 'anjung.budi', NULL, '2024-03-05 01:09:27', 0),
(613, '10.133.21.119', 'anjung.budi', NULL, '2024-03-05 01:09:47', 0),
(614, '10.133.21.119', 'anjung.budi@bps.go.id', 19, '2024-03-05 01:10:16', 1),
(615, '10.133.21.119', 'maruf.sy@bps.go.id', 18, '2024-03-05 01:29:59', 1),
(616, '10.133.21.119', 'khusnul.khotimah@bps.go.id', 23, '2024-03-05 01:34:07', 1),
(617, '10.133.21.98', 'budi.arif@bps.go.id', 40, '2024-03-05 02:16:38', 1),
(618, '10.133.21.98', 'budi.arif@bps.go.id', 40, '2024-03-05 08:57:51', 1),
(619, '10.133.21.119', 'ciptomadhani@bps.go.id', 9, '2024-03-06 02:06:50', 1),
(620, '10.133.21.119', 'khusnul.khotimah@bps.go.id', 23, '2024-03-06 02:49:10', 1),
(621, '10.133.21.98', 'muna@bps.go.id', 30, '2024-03-06 03:51:44', 1),
(622, '10.133.21.119', 'herwastuti.oktaviani@bps.go.id', 24, '2024-03-06 03:52:00', 1),
(623, '10.133.21.176', 'amuhshi@gmail.com', 1, '2024-03-06 03:55:31', 1),
(624, '10.133.21.119', 'paramitha@bps.go.id', 7, '2024-03-06 03:58:32', 1),
(625, '10.133.21.119', 'paramitha@bps.go.id', 7, '2024-03-06 03:58:32', 1),
(626, '10.133.21.119', 'paramitha@bps.go.id', 7, '2024-03-06 03:58:33', 1),
(627, '10.133.21.98', 'muna@bps.go.id', 30, '2024-03-06 07:11:17', 1),
(628, '10.133.21.119', 'ciptomadhani@bps.go.id', 9, '2024-03-06 08:20:25', 1),
(629, '10.133.21.98', 'budi.arif@bps.go.id', 40, '2024-03-06 08:26:52', 1),
(630, '10.133.21.176', 'muhshi', NULL, '2024-03-06 08:37:22', 0),
(631, '10.133.21.176', 'amuhshi@gmail.com', 1, '2024-03-06 08:37:28', 1),
(632, '10.133.21.119', 'paramitha@bps.go.id', 7, '2024-03-07 04:04:31', 1),
(633, '10.133.21.119', 'paramitha@bps.go.id', 7, '2024-03-07 04:04:31', 1),
(634, '10.133.21.119', 'paramitha@bps.go.id', 7, '2024-03-07 04:04:31', 1),
(635, '10.133.21.119', 'paramitha@bps.go.id', 7, '2024-03-07 04:04:31', 1),
(636, '10.133.21.119', 'khusnul.khotimah@bps.go.id', 23, '2024-03-07 07:05:04', 1),
(637, '10.133.21.176', 'amuhshi@gmail.com', 1, '2024-03-07 08:25:35', 1),
(638, '10.133.21.98', 'budi.arif@bps.go.id', 40, '2024-03-07 08:51:12', 1),
(639, '10.133.21.119', 'khusnul.khotimah@bps.go.id', 23, '2024-03-08 02:29:54', 1),
(640, '10.133.21.98', 'maaziz', NULL, '2024-03-08 03:36:33', 0),
(641, '10.133.21.98', 'maaziz', NULL, '2024-03-08 03:36:44', 0),
(642, '10.133.21.98', 'maaziz', NULL, '2024-03-08 03:36:51', 0),
(643, '10.133.21.98', 'maaziz', NULL, '2024-03-08 03:37:05', 0),
(644, '10.133.21.98', 'maaziz@bps.go.id', NULL, '2024-03-08 03:37:16', 0),
(645, '10.133.21.98', 'maaziz@bps.go.id', 16, '2024-03-08 03:37:22', 1),
(646, '10.133.21.119', 'ciptomadhani@bps.go.id', 9, '2024-03-08 06:46:26', 1),
(647, '10.133.21.98', 'budi.arif@bps.go.id', 40, '2024-03-08 08:49:39', 1),
(648, '10.133.21.98', 'muna@bps.go.id', 30, '2024-03-08 09:07:52', 1),
(649, '10.133.21.119', 'abdul.khalim@bps.go.id', 20, '2024-03-13 02:16:27', 1),
(650, '10.133.21.98', 'budi.arif@bps.go.id', 40, '2024-03-13 07:31:00', 1),
(651, '10.133.21.119', 'muhshi', NULL, '2024-03-14 04:12:16', 0),
(652, '10.133.21.119', 'muhshi', NULL, '2024-03-14 04:12:25', 0),
(653, '10.133.21.119', 'muhshi', NULL, '2024-03-14 04:12:34', 0),
(654, '10.133.21.119', 'amuhshi@gmail.com', 1, '2024-03-14 04:13:46', 1),
(655, '10.133.21.119', 'khusnul.khotimah@bps.go.id', 23, '2024-03-14 05:04:31', 1),
(656, '10.133.21.119', 'amuhshi@gmail.com', 1, '2024-03-15 04:15:08', 1),
(657, '10.133.21.98', 'budi.arif@bps.go.id', 40, '2024-03-19 02:03:30', 1),
(658, '10.133.21.119', 'khusnul.khotimah@bps.go.id', 23, '2024-03-19 02:27:31', 1),
(659, '10.133.21.98', 'budi.arif@bps.go.id', 40, '2024-03-19 07:50:50', 1),
(660, '10.133.21.119', 'khusnul.khotimah@bps.go.id', 23, '2024-03-20 05:12:45', 1),
(661, '10.133.21.119', 'khusnul.khotimah@bps.go.id', 23, '2024-03-22 02:40:01', 1),
(662, '10.133.21.98', 'budi.arif@bps.go.id', 40, '2024-03-22 08:09:23', 1),
(663, '10.133.21.119', 'khusnul.khotimah@bps.go.id', 23, '2024-03-26 03:52:36', 1),
(664, '10.133.21.119', 'nur.kurnia@bps.go.id', 8, '2024-03-26 06:57:05', 1),
(665, '10.133.21.119', 'paramitha@bps.go.id', 7, '2024-03-26 07:06:48', 1),
(666, '10.133.21.119', 'paramitha@bps.go.id', 7, '2024-03-26 07:06:48', 1),
(667, '10.133.21.119', 'paramitha@bps.go.id', 7, '2024-03-26 07:06:48', 1),
(668, '10.133.21.98', 'budi.arif@bps.go.id', 40, '2024-03-27 02:59:46', 1),
(669, '10.133.21.119', 'khusnul.khotimah@bps.go.id', 23, '2024-03-27 04:13:47', 1),
(670, '10.133.21.98', 'budi.arif@bps.go.id', 40, '2024-03-27 07:44:49', 1),
(671, '10.133.21.119', 'edy.utomo', NULL, '2024-04-02 01:08:31', 0),
(672, '10.133.21.119', 'edy.utomo', NULL, '2024-04-02 01:09:01', 0),
(673, '10.133.21.119', 'edy.utomo', NULL, '2024-04-02 01:09:44', 0),
(674, '10.133.21.119', 'edy.utomo@bps.go.id', 13, '2024-04-02 01:10:24', 1),
(675, '10.133.21.119', 'maaziz', NULL, '2024-04-02 01:12:50', 0),
(676, '10.133.21.119', 'maaziz@bps.go.id', NULL, '2024-04-02 01:13:27', 0);

-- --------------------------------------------------------

--
-- Table structure for table `auth_permissions`
--

CREATE TABLE `auth_permissions` (
  `id` int(11) UNSIGNED NOT NULL,
  `name` varchar(255) NOT NULL,
  `description` varchar(255) NOT NULL
) ENGINE=InnoDB DEFAULT CHARSET=utf8 COLLATE=utf8_general_ci;

--
-- Dumping data for table `auth_permissions`
--

INSERT INTO `auth_permissions` (`id`, `name`, `description`) VALUES
(1, 'manage-users', 'Manage All Users'),
(2, 'manage-profil', 'Manage user\'s profile');

-- --------------------------------------------------------

--
-- Table structure for table `auth_reset_attempts`
--

CREATE TABLE `auth_reset_attempts` (
  `id` int(11) UNSIGNED NOT NULL,
  `email` varchar(255) NOT NULL,
  `ip_address` varchar(255) NOT NULL,
  `user_agent` varchar(255) NOT NULL,
  `token` varchar(255) DEFAULT NULL,
  `created_at` datetime NOT NULL
) ENGINE=InnoDB DEFAULT CHARSET=utf8 COLLATE=utf8_general_ci;

--
-- Dumping data for table `auth_reset_attempts`
--

INSERT INTO `auth_reset_attempts` (`id`, `email`, `ip_address`, `user_agent`, `token`, `created_at`) VALUES
(1, 'amuhshi@gmail.com', '::1', 'Mozilla/5.0 (Windows NT 10.0; Win64; x64) AppleWebKit/537.36 (KHTML, like Gecko) Chrome/120.0.0.0 Safari/537.36', '685208e47a80d99f43d2e4ac02b31ae5', '2024-01-08 08:01:36'),
(2, 'amuhshi@gmail.com', '::1', 'Mozilla/5.0 (Windows NT 10.0; Win64; x64) AppleWebKit/537.36 (KHTML, like Gecko) Chrome/120.0.0.0 Safari/537.36', 'dd7469709f72869ae76f5a9a53227754', '2024-01-08 08:16:43'),
(3, 'abdul.khalim@bps.go.id', '10.133.21.99', 'Mozilla/5.0 (Linux; U; Android 9; in-id; CPH2015 Build/PPR1.180610.011) AppleWebKit/537.36 (KHTML, like Gecko) Chrome/91.0.4472.88 Mobile Safari/537.36 HeyTapBrowser/25.10.4.1.1', '543d4e8913b0f6cff2e97bd490c6fe2c', '2024-01-10 02:36:15'),
(4, 'abdul.khalim@bps.go.id', '10.133.21.99', 'Mozilla/5.0 (Linux; U; Android 9; in-id; CPH2015 Build/PPR1.180610.011) AppleWebKit/537.36 (KHTML, like Gecko) Chrome/91.0.4472.88 Mobile Safari/537.36 HeyTapBrowser/25.10.4.1.1', '543d4e8913b0f6cff2e97bd490c6fe2c', '2024-01-10 02:36:36'),
(5, 'wiwiw@bps.go.id', '10.133.21.51', 'Mozilla/5.0 (Windows NT 10.0; Win64; x64) AppleWebKit/537.36 (KHTML, like Gecko) Chrome/120.0.0.0 Safari/537.36', '90d00304014d3daf9a1394ec003c2537', '2024-01-10 02:36:44'),
(6, 'wiwiw@bps.go.id', '10.133.21.51', 'Mozilla/5.0 (Windows NT 10.0; Win64; x64) AppleWebKit/537.36 (KHTML, like Gecko) Chrome/120.0.0.0 Safari/537.36', '90d00304014d3daf9a1394ec003c2537', '2024-01-10 02:37:11'),
(7, 'abdul.khalim@bps.go.id', '10.133.21.99', 'Mozilla/5.0 (Windows NT 10.0; Win64; x64) AppleWebKit/537.36 (KHTML, like Gecko) Chrome/120.0.0.0 Safari/537.36 Edg/120.0.0.0', 'ad6c38fa128941041cb74161b077784b', '2024-01-10 02:41:42'),
(8, 'ajhie@bps.go.id', '10.133.21.98', 'Mozilla/5.0 (Windows NT 10.0; Win64; x64) AppleWebKit/537.36 (KHTML, like Gecko) Chrome/120.0.0.0 Safari/537.36 Edg/120.0.0.0', '8adc1e84013fe05ba47daf04476ce762', '2024-01-10 07:03:40'),
(9, 'siswo.oranyoto@bps.go.id', '10.133.21.99', 'Mozilla/5.0 (Linux; Android 9; vivo 1902 Build/PPR1.180610.011; wv) AppleWebKit/537.36 (KHTML, like Gecko) Version/4.0 Chrome/87.0.4280.141 Mobile Safari/537.36 VivoBrowser/11.4.6.4', 'Siswo.pranyoto', '2024-01-15 02:45:59'),
(10, 'siswo.pranyoto@bps.go.id', '10.133.21.99', 'Mozilla/5.0 (Linux; Android 9; vivo 1902 Build/PPR1.180610.011; wv) AppleWebKit/537.36 (KHTML, like Gecko) Version/4.0 Chrome/87.0.4280.141 Mobile Safari/537.36 VivoBrowser/11.4.6.4', 'siwo.pranyoto', '2024-01-15 02:47:11'),
(11, 'rifki@bps.go.id', '10.133.21.98', 'Mozilla/5.0 (Windows NT 10.0; Win64; x64) AppleWebKit/537.36 (KHTML, like Gecko) Chrome/120.0.0.0 Safari/537.36', '16160efb53e28154909b5a5e50156752', '2024-01-18 05:35:33'),
(12, 'rifki@bps.go.id', '10.133.21.98', 'Mozilla/5.0 (Windows NT 10.0; Win64; x64) AppleWebKit/537.36 (KHTML, like Gecko) Chrome/120.0.0.0 Safari/537.36', '16160efb53e28154909b5a5e50156752', '2024-01-18 05:36:00'),
(13, 'eena.the@gmail.com', '10.133.21.98', 'Mozilla/5.0 (Windows NT 10.0; Win64; x64) AppleWebKit/537.36 (KHTML, like Gecko) Chrome/120.0.0.0 Safari/537.36', '45a1b97c4a89e093436a3cfb9ce7e936', '2024-01-25 01:52:53'),
(14, 'rifki@bps.go.id', '10.133.21.98', 'Mozilla/5.0 (Windows NT 10.0; Win64; x64) AppleWebKit/537.36 (KHTML, like Gecko) Chrome/120.0.0.0 Safari/537.36', '8a85089a5a4553e952f75eda7b1b86a2', '2024-01-25 05:58:02'),
(15, 'rifki@bps.go.id', '10.133.21.98', 'Mozilla/5.0 (Windows NT 10.0; Win64; x64) AppleWebKit/537.36 (KHTML, like Gecko) Chrome/120.0.0.0 Safari/537.36', 'd8f32ffd00c0a30efe8bd1df92af0808', '2024-01-29 06:35:32'),
(16, 'siswo2@bps.go.id', '10.133.21.99', 'Mozilla/5.0 (Linux; Android 10; K) AppleWebKit/537.36 (KHTML, like Gecko) Chrome/121.0.0.0 Mobile Safari/537.36', '2132f5d03a26b5bc3c7b55458de385f7', '2024-02-21 01:43:37'),
(17, 'maaziz@bps.go.id', '10.133.21.98', 'Mozilla/5.0 (Windows NT 10.0; Win64; x64) AppleWebKit/537.36 (KHTML, like Gecko) Chrome/121.0.0.0 Safari/537.36 Edg/121.0.0.0', 'd9a6de3550449e84e9b2786b445e1131', '2024-02-23 02:12:44'),
(18, 'maaziz@bps.go.id', '10.133.21.98', 'Mozilla/5.0 (Windows NT 10.0; Win64; x64) AppleWebKit/537.36 (KHTML, like Gecko) Chrome/121.0.0.0 Safari/537.36 Edg/121.0.0.0', 'd9a6de3550449e84e9b2786b445e1131', '2024-02-23 02:12:56');

-- --------------------------------------------------------

--
-- Table structure for table `auth_tokens`
--

CREATE TABLE `auth_tokens` (
  `id` int(11) UNSIGNED NOT NULL,
  `selector` varchar(255) NOT NULL,
  `hashedValidator` varchar(255) NOT NULL,
  `user_id` int(11) UNSIGNED NOT NULL,
  `expires` datetime NOT NULL
) ENGINE=InnoDB DEFAULT CHARSET=utf8 COLLATE=utf8_general_ci;

-- --------------------------------------------------------

--
-- Table structure for table `auth_users_permissions`
--

CREATE TABLE `auth_users_permissions` (
  `user_id` int(11) UNSIGNED NOT NULL DEFAULT 0,
  `permission_id` int(11) UNSIGNED NOT NULL DEFAULT 0
) ENGINE=InnoDB DEFAULT CHARSET=utf8 COLLATE=utf8_general_ci;

--
-- Dumping data for table `auth_users_permissions`
--

INSERT INTO `auth_users_permissions` (`user_id`, `permission_id`) VALUES
(1, 1),
(1, 2);

-- --------------------------------------------------------

--
-- Table structure for table `dummy`
--

CREATE TABLE `dummy` (
  `id` int(5) UNSIGNED NOT NULL,
  `name` varchar(50) NOT NULL,
  `jabatan` text DEFAULT NULL,
  `created_at` datetime DEFAULT NULL,
  `updated_at` datetime DEFAULT NULL,
  `deleted_at` datetime DEFAULT NULL
) ENGINE=InnoDB DEFAULT CHARSET=utf8 COLLATE=utf8_general_ci;

-- --------------------------------------------------------

--
-- Table structure for table `izin`
--

CREATE TABLE `izin` (
  `id` int(5) UNSIGNED NOT NULL,
  `user_id` int(5) UNSIGNED NOT NULL,
  `keperluan` text NOT NULL,
  `hari` date DEFAULT NULL,
  `jam_pergi` time NOT NULL,
  `jam_balik` time NOT NULL,
  `atas_izin` int(5) NOT NULL,
  `created_at` datetime DEFAULT NULL,
  `updated_at` datetime DEFAULT NULL,
  `deleted_at` datetime DEFAULT NULL
) ENGINE=InnoDB DEFAULT CHARSET=utf8 COLLATE=utf8_general_ci;

--
-- Dumping data for table `izin`
--

INSERT INTO `izin` (`id`, `user_id`, `keperluan`, `hari`, `jam_pergi`, `jam_balik`, `atas_izin`, `created_at`, `updated_at`, `deleted_at`) VALUES
(3, 1, 'Pembelian perkakas PST', '2024-01-09', '08:53:00', '14:53:00', 2, '2024-01-04 07:54:08', '2024-01-09 07:55:31', NULL),
(6, 2, 'Beli Peralatan PST', '2024-01-05', '09:51:00', '13:51:00', 2, '2024-01-05 02:51:42', '2024-01-05 02:51:42', NULL),
(7, 1, 'PENGAWASAN SUSENAS', '2024-01-05', '08:38:00', '15:38:00', 2, '2024-01-05 06:38:27', '2024-01-05 06:38:27', NULL),
(8, 7, 'Jemput anak sekolah', '2024-01-09', '11:00:00', '11:20:00', 2, '2024-01-09 08:40:13', '2024-01-09 08:40:13', NULL),
(9, 8, 'Pengawasan', '2024-01-09', '09:41:00', '15:41:00', 2, '2024-01-09 08:42:10', '2024-01-09 08:48:29', NULL),
(10, 2, 'Survei harga di pasar', '2024-01-10', '08:50:00', '17:50:00', 1, '2024-01-10 01:51:14', '2024-01-10 01:51:14', NULL),
(11, 16, 'Pendampingan Pengutipan Direktori Perusahaan', '2024-01-10', '10:00:00', '13:30:00', 5, '2024-01-10 02:19:34', '2024-01-10 06:57:31', NULL),
(12, 13, 'Pengutipan direktori  perusahaan  di  Gapensi,Aspekindo dan Apaksindo', '2024-01-10', '10:00:00', '15:15:00', 1, '2024-01-10 02:27:26', '2024-01-10 02:27:26', NULL),
(13, 2, 'Ke Tukang Jahit untuk mengukur Baju seragam BPS', '2024-01-10', '10:00:00', '10:30:00', 2, '2024-01-10 02:39:46', '2024-01-10 02:39:46', NULL),
(14, 21, 'Pengawasan HPG dan HPBG', '2024-01-10', '09:39:00', '13:45:00', 1, '2024-01-10 02:43:19', '2024-01-10 02:43:19', NULL),
(15, 17, ' Menanyakan ke reparasi tv.. Ttg kerusakna TV kantor', '2024-01-10', '10:00:00', '11:20:00', 2, '2024-01-10 02:49:30', '2024-01-10 02:49:30', NULL),
(16, 9, 'Survei SKIP dan Snapshot ke Dinas Kelautan, PT Pegadaian, dll', '2024-01-10', '10:30:00', '12:00:00', 6, '2024-01-10 03:24:11', '2024-01-10 04:36:47', NULL),
(18, 20, 'ke kantor kesra', '2024-01-12', '13:28:00', '14:00:00', 3, '2024-01-12 06:29:23', '2024-01-12 06:29:23', NULL),
(19, 12, 'Menghadiri undangan pertemuan Guru dan Wali murid di SDIT Azzahra Demak', '2024-01-12', '14:15:00', '15:50:00', 10, '2024-01-12 06:52:09', '2024-01-12 06:52:09', NULL),
(20, 27, 'Melihat anak sakit dirumah', '2024-01-15', '08:55:00', '09:30:00', 3, '2024-01-15 01:30:38', '2024-01-15 01:30:38', NULL),
(21, 16, 'Pengawasan pengutipan direktori perusahaan ke dinas', '2024-01-15', '09:00:00', '12:00:00', 5, '2024-01-15 01:58:21', '2024-01-15 01:58:21', NULL),
(22, 13, 'Pengutipan direktori di dinakerind dan perizinan', '2024-01-15', '09:15:00', '13:15:00', 11, '2024-01-15 02:16:12', '2024-01-15 02:16:12', NULL),
(23, 21, 'Pengawasan HD.1  HD.2 bulanan', '2024-01-15', '10:00:00', '15:15:00', 4, '2024-01-15 02:37:21', '2024-01-15 02:37:21', NULL),
(24, 15, 'Pengawasan survai hd bulanan', '2024-01-15', '10:15:00', '15:15:00', 4, '2024-01-15 02:52:48', '2024-01-15 02:52:48', NULL),
(25, 31, 'Survei SKIP tw4 di PLN UP3 Demak (wonosalam)', '2024-01-15', '10:30:00', '12:00:00', 6, '2024-01-15 03:14:06', '2024-01-15 03:14:06', NULL),
(26, 20, 'ke kantor kesra  ', '2024-01-15', '10:49:00', '11:50:00', 3, '2024-01-15 03:49:51', '2024-01-15 03:49:51', NULL),
(27, 9, 'Pendataan Survei SKIP ke PT Pegadaian', '2024-01-15', '11:15:00', '12:00:00', 10, '2024-01-15 04:13:28', '2024-01-15 04:13:28', NULL),
(28, 18, 'Menjemput anak sekolah', '2024-01-15', '01:40:00', '02:30:00', 14, '2024-01-15 06:41:46', '2024-01-15 06:41:46', NULL),
(29, 13, 'Pengutipan direktori ke Aspekindo dan pencacahan SKIP T ke SPBU', '2024-01-16', '10:37:00', '15:00:00', 11, '2024-01-16 03:37:57', '2024-01-16 03:37:57', NULL),
(30, 21, 'Pengawasan SHP ', '2024-01-16', '11:00:00', '14:15:00', 4, '2024-01-16 03:52:07', '2024-01-16 03:52:07', NULL),
(31, 7, 'Menjemput anak sekolah TK', '2024-01-16', '10:58:00', '11:15:00', 2, '2024-01-16 03:58:44', '2024-01-16 03:59:06', NULL),
(32, 25, 'Ke indomaret', '2024-01-16', '14:21:00', '14:26:00', 11, '2024-01-16 07:21:37', '2024-01-16 07:21:37', NULL),
(33, 20, 'pergi ke Semarang  ngurusi ijasah ', '2024-01-16', '08:40:00', '12:00:00', 3, '2024-01-16 07:38:56', '2024-01-16 07:38:56', NULL),
(34, 27, 'Melihat anak sakit dirumah', '2024-01-17', '10:00:00', '10:30:00', 3, '2024-01-17 02:18:42', '2024-01-17 02:18:42', NULL),
(35, 35, 'mengurus surat kematian di disdukcapil', '2024-01-17', '09:21:00', '10:22:00', 3, '2024-01-17 02:19:19', '2024-01-17 02:19:19', NULL),
(36, 23, 'jemput anak sekolah', '2024-01-17', '14:20:00', '14:35:00', 3, '2024-01-17 07:16:14', '2024-01-17 07:16:14', NULL),
(37, 35, 'mengurusi akta kematian ke dindukcapil', '2024-01-18', '09:00:00', '10:00:00', 3, '2024-01-18 01:43:45', '2024-01-18 01:43:45', NULL),
(38, 26, 'pengawasan kegiatan lapangan Survei harga produsen sampel tambahan', '2024-01-18', '09:10:00', '02:51:00', 4, '2024-01-18 01:52:17', '2024-01-18 01:52:17', NULL),
(39, 20, 'pergi ke semarang ngurusi ijasah ', '2024-01-18', '08:56:00', '12:00:00', 3, '2024-01-18 01:56:18', '2024-01-18 01:56:18', NULL),
(40, 13, 'Pencacahan SKIP PT.PP  Tol Semarang Demak di desa Sidogemah Kec Sayung  dan pengecekan st23 utp usia di bawah 15 tahun di desa Gemulak Kec Sayung', '2024-01-18', '09:30:00', '13:30:00', 11, '2024-01-18 02:17:14', '2024-01-18 02:17:14', NULL),
(41, 23, 'memeriksakan anak ke dokter', '2024-01-18', '13:30:00', '15:00:00', 3, '2024-01-18 05:52:34', '2024-01-18 05:53:31', NULL),
(42, 9, 'Jemput anak karena hujan ', '2024-01-18', '13:40:00', '14:10:00', 14, '2024-01-18 06:35:15', '2024-01-18 06:35:15', NULL),
(43, 7, 'Jemput anak sekolah TK', '2024-01-18', '11:00:00', '11:15:00', 2, '2024-01-18 07:50:35', '2024-01-18 07:50:35', NULL),
(44, 12, 'Menjemput anak dari Persiapan lomba di SDIT AZZAHRA DEMAK', '2024-01-18', '15:10:00', '15:30:00', 6, '2024-01-18 08:06:05', '2024-01-18 08:06:05', NULL),
(45, 10, 'Rapat TPID', '2024-01-19', '08:45:00', '11:30:00', 3, '2024-01-19 01:45:42', '2024-01-19 01:45:42', NULL),
(46, 6, 'Koordinasi penyusunan DDA dan penyelenggaraan stat sektoral ke Dinkominfo', '2024-01-19', '08:55:00', '11:30:00', 1, '2024-01-19 01:48:21', '2024-01-19 01:48:21', NULL),
(47, 40, 'Olah raga jalan sehat di Stadion Sultan Fatah', '2024-01-19', '07:30:00', '08:31:00', 1, '2024-01-19 02:11:05', '2024-01-19 02:11:05', NULL),
(48, 14, 'Pendataan skip di Karangawen ', '2024-01-19', '10:00:00', '15:30:00', 13, '2024-01-19 02:11:41', '2024-01-19 02:11:41', NULL),
(49, 27, 'Mengantar anak imunisasi polio di puskemas', '2024-01-22', '08:25:00', '09:15:00', 3, '2024-01-22 01:23:45', '2024-01-22 01:23:45', NULL),
(50, 27, 'Mengantar anak imunisasi polio di puskemas', '2024-01-22', '08:25:00', '09:15:00', 3, '2024-01-22 01:23:58', '2024-01-22 01:23:58', NULL),
(51, 25, 'Sarapan', '2024-01-22', '09:18:00', '09:30:00', 11, '2024-01-22 02:18:24', '2024-01-22 02:18:24', NULL),
(52, 7, 'Menjemput anak sekolah TK', '2024-01-22', '11:00:00', '11:10:00', 2, '2024-01-22 03:53:50', '2024-01-22 03:53:50', NULL),
(53, 13, 'Revisit data direktori perusahaan ke dinaskerin kab Demak dan mengantar dokumen pelatihan susenas gel 2 ke petugas di Sayung', '2024-01-23', '09:00:00', '01:30:00', 11, '2024-01-23 01:40:08', '2024-01-23 01:40:08', NULL),
(54, 15, 'Konfirmasi jadwal ubinan subround 1/2024  kepetugas ksa dan mengantar dokumen pelatihan susenas.', '2024-01-23', '09:30:00', '02:00:00', 5, '2024-01-23 02:14:00', '2024-01-23 02:14:00', NULL),
(55, 23, 'jemput anak sekolah', '2024-01-23', '15:15:00', '15:30:00', 3, '2024-01-23 08:12:08', '2024-01-23 08:12:08', NULL),
(56, 10, 'Pengawasan ubinan di kec Gajah', '2024-01-24', '08:15:00', '12:15:00', 3, '2024-01-24 06:08:09', '2024-01-24 06:08:09', NULL),
(57, 13, 'Pengawasan ubinan di desa banjarsari gajah sebanyak 1 plot', '2024-01-24', '08:50:00', '12:01:00', 11, '2024-01-24 08:52:22', '2024-01-24 08:52:22', NULL),
(58, 14, 'Pengawasan KSA', '2024-01-25', '10:02:00', '15:00:00', 13, '2024-01-25 02:39:44', '2024-01-25 02:39:44', NULL),
(59, 30, 'Updating direktori pariwisata', '2024-01-25', '09:00:00', '10:30:00', 4, '2024-01-25 04:33:28', '2024-01-25 04:33:28', NULL),
(60, 9, 'Pengawasan KSA Jagung Guntur ', '2024-01-25', '01:00:00', '04:00:00', 10, '2024-01-25 04:37:21', '2024-01-25 04:37:21', NULL),
(61, 13, 'Rapat  koperasi RAT Mas di pendopo pemda Demak', '2024-01-25', '12:45:00', '03:30:00', 11, '2024-01-25 04:51:08', '2024-01-25 04:51:08', NULL),
(62, 31, 'Mengikuti RAT koperasi MAS di Pendopo Kabupaten Demak', '2024-01-25', '13:00:00', '15:00:00', 6, '2024-01-25 04:54:26', '2024-01-25 04:54:26', NULL),
(63, 20, 'mau ikut RAT Koperasi MAS  di pendopo Demak', '2024-01-25', '13:00:00', '15:00:00', 3, '2024-01-25 05:24:08', '2024-01-25 05:24:08', NULL),
(64, 17, 'Pengawasan update sakernas', '2024-01-26', '09:10:00', '11:30:00', 13, '2024-01-26 01:03:16', '2024-01-26 01:03:16', NULL),
(65, 7, 'Menjemput anak Les', '2024-01-29', '14:00:00', '14:10:00', 2, '2024-01-29 08:54:35', '2024-01-29 08:54:35', NULL),
(66, 13, 'Mencari lokasi penggantian sampel ksa yg terendam banjir', '2024-01-30', '08:50:00', '01:50:00', 11, '2024-01-30 01:51:32', '2024-01-30 01:51:32', NULL),
(67, 25, 'Mencari penggantian sampel KSA Padi di sayung', '2024-01-30', '08:51:00', '12:00:00', 5, '2024-01-30 01:51:58', '2024-01-30 01:51:58', NULL),
(68, 14, 'Koordinasi dg mitra', '2024-01-30', '10:00:00', '03:00:00', 13, '2024-01-30 02:16:19', '2024-01-30 02:16:19', NULL),
(69, 10, 'Pembukaan Susenas 2024 dan Seruti triwulan 1 tahun 2024 secara offline di Hotel Amantis', '2024-01-30', '07:45:00', '09:00:00', 3, '2024-01-30 02:35:32', '2024-01-30 02:35:32', NULL),
(70, 37, 'Melakukan pengawasan updating listing di Kecamatan Gajah', '2024-01-30', '10:00:00', '13:00:00', 1, '2024-01-30 03:08:37', '2024-01-30 03:08:37', NULL),
(71, 17, 'Pengawasan update sakernas di desa mutih kulon wedung', '2024-01-30', '09:05:00', '11:45:00', 9, '2024-01-30 06:41:27', '2024-01-30 06:41:27', NULL),
(72, 17, 'Pengawasan ubdit sakernas desa pasir mijen', '2024-01-31', '09:30:00', '13:45:00', 9, '2024-01-31 07:22:25', '2024-01-31 07:22:25', NULL),
(73, 22, 'Menyampaikan surat dan melapor ke BPS Provinsi terkait penyelesaian pekerjaan', '2024-02-05', '09:00:00', '13:00:00', 1, '2024-02-05 01:59:31', '2024-02-05 01:59:31', NULL),
(74, 13, 'Pengawasan  update susenas di desa kalisari sayung', '2024-02-05', '10:09:00', '02:11:00', 11, '2024-02-05 02:13:07', '2024-02-05 02:13:07', NULL),
(75, 26, 'Melaksanakan Pengawasan Updating Survei Sosial Ekonomi Nasional (Susenas)', '2024-02-05', '09:12:00', '15:13:00', 14, '2024-02-05 02:14:06', '2024-02-05 02:14:06', NULL),
(76, 20, 'melaksanakan  pengawasan updating susenas\r\n', '2024-02-05', '09:15:00', '13:15:00', 3, '2024-02-05 02:16:49', '2024-02-05 02:16:49', NULL),
(77, 7, 'Ijin Jemput Anak Sekolah', '2024-02-05', '11:00:00', '11:10:00', 2, '2024-02-05 03:56:54', '2024-02-05 03:56:54', NULL),
(78, 30, 'Pengawasan VHTS Bulanan', '2024-02-05', '13:00:00', '15:00:00', 4, '2024-02-05 04:49:01', '2024-02-05 04:49:01', NULL),
(80, 8, 'Pengawasan Updating Susenas di desa Sedo, Kecamatan Demak', '2024-02-05', '10:30:00', '12:25:00', 12, '2024-02-05 08:25:31', '2024-02-05 08:25:31', NULL),
(81, 9, 'Pengawasan Lapangan updating listing Susenas Seruti ke Karangawen', '2024-02-06', '10:30:00', '14:30:00', 6, '2024-02-06 07:25:24', '2024-02-06 07:25:24', NULL),
(82, 8, 'Menyampaikan undangan FGD DDA dan buku KCDA di kecamatan', '2024-02-06', '10:45:00', '12:10:00', 2, '2024-02-06 08:39:56', '2024-02-06 08:39:56', NULL),
(83, 35, 'Mengukur celana', '2024-02-07', '10:11:00', '11:11:00', 3, '2024-02-07 02:35:20', '2024-02-07 02:35:20', NULL),
(84, 23, 'izin mengukur pakaian seragam di Sedo', '2024-02-07', '11:30:00', '11:59:00', 3, '2024-02-07 02:35:39', '2024-02-07 04:23:50', NULL),
(85, 40, 'Pengawasan Survei Harga Perdagangan Besar', '2024-02-07', '09:17:00', '10:57:00', 1, '2024-02-07 03:57:52', '2024-02-07 03:57:52', NULL),
(86, 10, 'Koordinasi dg Kepala Dinperpusar utk literasi statistik', '2024-02-07', '10:00:00', '11:03:00', 1, '2024-02-07 04:03:37', '2024-02-07 04:03:37', NULL),
(87, 7, 'Menjemput anak sekolah', '2024-02-07', '11:06:00', '11:15:00', 2, '2024-02-07 04:06:44', '2024-02-07 04:06:44', NULL),
(88, 6, 'Koordinasi dengan Dinas Perpustakaan Daerah Kab Demak', '2024-02-07', '10:02:00', '11:10:00', 1, '2024-02-07 04:10:26', '2024-02-07 04:10:26', NULL),
(89, 19, 'Antar KDA dan pengawasan susenas', '2024-02-07', '11:13:00', '04:00:00', 3, '2024-02-07 04:14:00', '2024-02-07 04:14:00', NULL),
(90, 21, 'Nyumbang petugas  Susenas menikah', '2024-02-07', '11:25:00', '01:30:00', 3, '2024-02-07 04:26:55', '2024-02-07 04:26:55', NULL),
(91, 21, 'Nyumbang petugas Susenas menikah', '2024-02-07', '11:29:00', '02:30:00', 3, '2024-02-07 04:30:56', '2024-02-07 04:30:56', NULL),
(92, 34, 'Perpisahan di ranz cafe', '2024-02-07', '11:32:00', '02:00:00', 1, '2024-02-07 04:32:37', '2024-02-07 04:32:37', NULL),
(93, 40, 'Mengikuti acara perpisahan Tri Mulyaningsih Buyung Suko dan Abdul Aliem', '2024-02-07', '12:54:00', '14:00:00', 1, '2024-02-07 05:54:32', '2024-02-07 05:54:32', NULL),
(94, 1, 'service HP', '2024-02-07', '13:38:00', '15:40:00', 2, '2024-02-07 06:38:53', '2024-02-07 06:38:53', NULL),
(95, 20, 'ke kecamatan  Kebonagung  dan ke desa Sari mulyo\r\n', '2024-02-12', '08:54:00', '12:58:00', 3, '2024-02-12 01:55:15', '2024-02-12 01:55:15', NULL),
(96, 40, 'Mengikuti rapat TPID', '2024-02-12', '07:54:00', '10:57:00', 1, '2024-02-12 06:52:32', '2024-02-12 06:52:32', NULL),
(97, 30, 'Melakukan pendataan RH susenas di Sayung', '2024-02-13', '10:30:00', '15:00:00', 4, '2024-02-13 03:04:23', '2024-02-13 03:04:23', NULL),
(98, 13, 'Pendataan RH susenas  di desa kalisari kec sayung', '2024-02-13', '10:45:00', '15:14:00', 11, '2024-02-13 03:14:28', '2024-02-13 03:14:28', NULL),
(99, 28, 'Pencacahan Rentang Harga Susenas Maret 2024', '2024-02-15', '09:06:00', '01:06:00', 1, '2024-02-15 02:06:54', '2024-02-15 02:06:54', NULL),
(100, 15, 'Survai konfersi harga untuk susenas', '2024-02-15', '10:10:00', '15:00:00', 11, '2024-02-15 02:08:30', '2024-02-15 02:08:30', NULL),
(101, 9, 'Melaksanakan pendataan lapangan Rentang Harga di Kecamatan Karangawen', '2024-02-19', '10:15:00', '16:10:00', 8, '2024-02-15 03:11:26', '2024-02-19 01:45:15', NULL),
(102, 7, 'Ke Sekda mengambil spj FGD', '2024-02-15', '10:27:00', '11:05:00', 2, '2024-02-15 03:27:20', '2024-02-15 03:27:20', NULL),
(103, 25, 'Membeli kipas angin karna tidak tahan panasnya ruang teknis', '2024-02-15', '11:27:00', '01:00:00', 11, '2024-02-15 04:27:37', '2024-02-15 04:27:37', NULL),
(104, 30, 'Melakukan pengawasan updating pariwisata', '2024-02-15', '09:00:00', '01:30:00', 4, '2024-02-15 06:13:07', '2024-02-15 06:13:07', NULL),
(105, 13, 'Survei shp di pt quartindo sayung,survey penginapan,survei rumah makan haji ismun,survei kolam renang di wonosalam', '2024-02-15', '09:28:00', '13:29:00', 11, '2024-02-15 06:29:36', '2024-02-15 06:29:36', NULL),
(106, 40, 'Survei Harga Produsen ke Quartindo', '2024-02-15', '09:30:00', '13:10:00', 1, '2024-02-15 07:10:25', '2024-02-15 07:10:25', NULL),
(107, 6, 'Koordinasi dan penyampaian surat tentang dukungan pelaksanaan EPSS', '2024-02-15', '13:40:00', '14:55:00', 1, '2024-02-15 07:31:52', '2024-02-15 07:31:52', NULL),
(108, 40, 'Rapat Tim Pengendalian Inflasi Daerah', '2024-02-19', '07:20:00', '11:01:00', 1, '2024-02-19 08:11:58', '2024-02-19 08:11:58', NULL),
(109, 40, 'Olahraga jalan sehat di Stadion Sultan Fatah', '2024-02-16', '07:30:00', '09:31:00', 1, '2024-02-19 08:14:48', '2024-02-19 08:14:48', NULL),
(110, 27, 'Posyandu anak  di puskesmas', '2024-02-20', '08:30:00', '10:00:00', 3, '2024-02-20 00:45:07', '2024-02-20 00:45:07', NULL),
(111, 9, 'Pengawasan Susenas Seruti ke Karangawen', '2024-02-20', '10:00:00', '15:00:00', 10, '2024-02-20 01:51:13', '2024-02-20 01:51:13', NULL),
(112, 15, 'Mengantar dsrt susenas dan pengawasan pencacahan.', '2024-02-20', '10:00:00', '03:00:00', 11, '2024-02-20 03:03:36', '2024-02-20 03:03:36', NULL),
(113, 7, 'Menjemput anak sekolah TK', '2024-02-20', '10:53:00', '11:10:00', 2, '2024-02-20 03:54:03', '2024-02-20 03:54:03', NULL),
(114, 30, 'Melakukan penyaluran dana bantuan banjir', '2024-02-19', '11:30:00', '15:45:00', 3, '2024-02-20 06:47:22', '2024-02-20 06:47:22', NULL),
(115, 26, 'jemput anak pulang sekolah', '2024-02-20', '14:30:00', '15:00:00', 14, '2024-02-20 07:13:59', '2024-02-20 07:13:59', NULL),
(116, 18, 'Pengawas pendataan sakernas ', '2024-02-21', '10:04:00', '15:07:00', 9, '2024-02-21 01:35:38', '2024-02-21 01:35:38', NULL),
(117, 17, 'Pengawasan Sakernas', '2024-02-21', '09:10:00', '13:30:00', 9, '2024-02-21 01:45:47', '2024-02-21 01:45:47', NULL),
(118, 7, 'Menjemput anak sekolah TK', '2024-02-21', '10:54:00', '11:10:00', 2, '2024-02-21 03:54:37', '2024-02-21 03:54:37', NULL),
(119, 1, 'memperbaiki kunci motor.', '2024-02-21', '13:00:00', '14:00:00', 2, '2024-02-21 06:49:56', '2024-02-21 06:49:56', NULL),
(120, 27, 'Mengantar imunisasi sub pin polio', '2024-02-22', '08:41:00', '09:41:00', 3, '2024-02-22 01:41:15', '2024-02-22 01:41:15', NULL),
(121, 19, 'Pengawasan susenas Kec Bonang', '2024-02-22', '09:13:00', '03:14:00', 3, '2024-02-22 02:10:53', '2024-02-22 02:10:53', NULL),
(122, 31, 'Pengawasan lapangan SUSENAS Desa Mlaten Kec.Mijen', '2024-02-22', '10:30:00', '16:05:00', 6, '2024-02-22 03:22:05', '2024-02-22 03:22:05', NULL),
(123, 7, 'Koordinasi EPSS di Bappeda', '2024-02-23', '08:12:00', '11:30:00', 1, '2024-02-23 01:12:23', '2024-02-23 01:12:23', NULL),
(124, 8, 'Koordinasi EPSS di Bappeda', '2024-02-23', '08:20:00', '11:30:00', 1, '2024-02-23 01:12:37', '2024-02-23 01:12:37', NULL),
(125, 28, 'Rapat Koordinasi EPSS di Bappeda', '2024-02-23', '08:20:00', '11:30:00', 1, '2024-02-23 01:13:54', '2024-02-23 01:13:54', NULL),
(126, 6, 'Rapat koordinasi EPSS di bappeda', '2024-02-23', '08:20:00', '11:45:00', 1, '2024-02-23 01:16:58', '2024-02-23 01:16:58', NULL),
(127, 9, 'Pengawasan KSA Jagung Ke Kecamatan Karangawen dan Guntun', '2024-02-23', '09:01:00', '15:01:00', 8, '2024-02-23 02:01:31', '2024-02-23 02:01:31', NULL),
(128, 16, 'Pengawasan KSA Padi Februari 2024 dan Susenas Maret 2024', '2024-02-23', '09:15:00', '14:30:00', 14, '2024-02-23 02:14:08', '2024-02-23 02:14:08', NULL),
(129, 30, 'Pengawasan KSA', '2024-02-23', '13:00:00', '15:30:00', 4, '2024-02-23 04:03:28', '2024-02-23 04:03:28', NULL),
(130, 23, 'mengambil uang GUP dan membeli snack toples\r\n', '2024-02-26', '09:27:00', '09:58:00', 3, '2024-02-26 02:28:18', '2024-02-26 02:28:18', NULL),
(131, 15, 'Legalisir persyaratan pengajuan pensiun di KUA dan kelurahan.', '2024-02-26', '10:00:00', '01:00:00', 3, '2024-02-26 02:31:03', '2024-02-26 02:31:03', NULL),
(132, 13, 'Pengawasan susenas di sayung', '2024-02-26', '09:34:00', '03:00:00', 11, '2024-02-26 02:36:21', '2024-02-26 02:36:21', NULL),
(133, 26, 'pengawasan susenas di desa kotakan', '2024-02-26', '10:10:00', '15:22:00', 10, '2024-02-26 03:06:41', '2024-02-26 03:06:41', NULL),
(134, 7, 'Menjemput anak sekolah TK', '2024-02-26', '10:56:00', '11:10:00', 2, '2024-02-26 03:57:08', '2024-02-26 03:57:08', NULL),
(135, 28, 'Melakukan pengawasan pencacahan Susenas Seruti', '2024-02-26', '11:02:00', '15:00:00', 1, '2024-02-26 04:03:09', '2024-02-26 04:03:09', NULL),
(136, 40, 'Mengikuti rapat TPID di Pemda Kabupaten Demak', '2024-02-26', '07:50:00', '10:57:00', 1, '2024-02-26 04:39:48', '2024-02-26 04:39:48', NULL),
(137, 16, 'Pengawasan Susenas Seruti', '2024-02-26', '13:00:00', '15:30:00', 4, '2024-02-26 05:32:46', '2024-02-26 05:32:46', NULL),
(138, 30, 'Pengawasan Susenas', '2024-02-26', '10:00:00', '15:30:00', 4, '2024-02-26 08:44:29', '2024-02-26 08:44:29', NULL),
(139, 6, 'Pengawasan Susenas', '2024-02-27', '08:42:00', '15:42:00', 1, '2024-02-27 01:42:27', '2024-02-27 07:45:06', NULL),
(140, 7, 'Menjemput anak sekolah TK', '2024-02-27', '10:55:00', '11:10:00', 2, '2024-02-27 03:55:27', '2024-02-27 03:55:27', NULL),
(141, 30, 'Memberikan donasi bantuan banjir', '2024-02-27', '09:00:00', '12:30:00', 4, '2024-02-27 06:04:57', '2024-02-27 06:04:57', NULL),
(142, 26, 'Penyaluran Donasi banjir', '2024-02-27', '21:08:00', '12:29:00', 4, '2024-02-27 06:18:17', '2024-02-27 06:18:17', NULL),
(143, 6, 'Pengawasan Susenas Maret', '2024-02-27', '08:32:00', '14:50:00', 1, '2024-02-27 07:44:42', '2024-02-27 07:44:42', NULL),
(144, 6, 'Pengawasan Susenas Update listing', '2024-02-02', '11:20:00', '16:20:00', 12, '2024-02-27 07:48:17', '2024-02-27 07:48:17', NULL),
(145, 15, 'Mengurus legalisir persyaratan pengajuan penciun', '2024-02-28', '10:59:00', '02:00:00', 11, '2024-02-28 02:40:58', '2024-02-28 02:40:58', NULL),
(146, 2, 'Pengawasan Ubinan', '2024-02-29', '07:30:00', '16:00:00', 2, '2024-02-29 00:18:10', '2024-02-29 00:18:10', NULL),
(147, 19, 'Pengawasan susenas ', '2024-02-29', '09:00:00', '15:00:00', 3, '2024-02-29 01:01:01', '2024-02-29 01:01:01', NULL),
(148, 30, 'Pengawasan susenas', '2024-02-29', '10:00:00', '13:00:00', 14, '2024-02-29 02:52:30', '2024-02-29 05:50:51', NULL),
(149, 6, 'Kantor Samsat Kabu[aten Demak', '2024-03-04', '08:01:00', '10:01:00', 12, '2024-03-04 01:01:38', '2024-03-04 01:01:38', NULL),
(150, 7, 'Menjemput anak sekolah TK', '2024-03-04', '11:00:00', '11:10:00', 2, '2024-03-04 04:01:21', '2024-03-04 04:01:21', NULL),
(151, 23, 'periksa ke dokter di RSI NU ', '2024-03-04', '14:50:00', '16:00:00', 3, '2024-03-04 06:28:51', '2024-03-04 06:29:19', NULL),
(152, 40, 'Rapat TPID', '2024-03-04', '08:00:00', '12:36:00', 1, '2024-03-04 08:11:32', '2024-03-04 08:11:32', NULL),
(153, 19, 'Pengawasan SUSENAS', '2024-03-05', '09:00:00', '14:39:00', 3, '2024-03-05 01:11:26', '2024-03-05 01:11:26', NULL),
(154, 18, 'Pengawasan ubinan padi di desa Banyumeneng', '2024-03-04', '07:30:00', '15:00:00', 3, '2024-03-05 01:31:31', '2024-03-05 01:31:31', NULL),
(155, 30, 'Mengambil dokumen susenas', '2024-03-06', '09:30:00', '12:00:00', 4, '2024-03-06 03:53:36', '2024-03-06 03:53:36', NULL),
(156, 24, 'Pijat', '2024-03-06', '11:06:00', '01:00:00', 3, '2024-03-06 03:54:33', '2024-03-06 03:54:33', NULL),
(157, 7, 'Menjemput anak sekolah TK', '2024-03-06', '10:58:00', '11:10:00', 2, '2024-03-06 03:58:58', '2024-03-06 03:58:58', NULL),
(158, 1, 'ke pocoharjo pengawasan susenas', '2024-03-06', '09:00:00', '10:59:00', 2, '2024-03-06 03:59:18', '2024-03-06 03:59:18', NULL),
(159, 40, 'Rapat TPID di Command Center Pemda Kabupaten Demak', '2024-03-06', '08:02:00', '10:28:00', 1, '2024-03-06 08:28:32', '2024-03-06 08:28:32', NULL),
(160, 16, 'Mengurus BSI Mobile ke BSI', '2024-03-08', '10:37:00', '11:00:00', 9, '2024-03-08 03:37:59', '2024-03-08 04:07:30', NULL),
(161, 9, 'Cek rumah dinas, ke KLH mencari informasi pemotongan tanaman, cek buat display', '2024-03-08', '14:00:00', '15:30:00', 1, '2024-03-08 06:49:18', '2024-03-08 06:49:18', NULL),
(162, 40, 'Pengawasan SHPB', '2024-03-08', '13:10:00', '15:05:00', 1, '2024-03-08 08:52:57', '2024-03-08 08:52:57', NULL),
(163, 13, 'Pencacahan imk triwulan 1 di desa karangsono mranggen', '2024-04-02', '08:45:00', '01:59:00', 11, '2024-04-02 01:12:39', '2024-04-02 01:12:39', NULL);

-- --------------------------------------------------------

--
-- Table structure for table `laporan`
--

CREATE TABLE `laporan` (
  `id` int(11) NOT NULL,
  `user_id` int(11) NOT NULL,
  `tanggal` date NOT NULL,
  `pekerjaan` text NOT NULL,
  `created_at` datetime NOT NULL,
  `updated_at` datetime NOT NULL,
  `deleted_at` datetime NOT NULL
) ENGINE=InnoDB DEFAULT CHARSET=utf8mb4 COLLATE=utf8mb4_general_ci;

--
-- Dumping data for table `laporan`
--

INSERT INTO `laporan` (`id`, `user_id`, `tanggal`, `pekerjaan`, `created_at`, `updated_at`, `deleted_at`) VALUES
(1, 1, '2024-01-10', 'Coding Aplikasi laporan kinerja harian', '2024-01-10 08:35:20', '2024-01-10 08:35:20', '0000-00-00 00:00:00'),
(2, 1, '2024-01-10', 'Desain sertifikat pegawai terbaik triwulanan', '2024-01-10 08:37:06', '2024-01-10 08:37:06', '0000-00-00 00:00:00'),
(3, 1, '2024-01-10', 'Desain kaos', '2024-01-10 08:38:11', '2024-01-10 08:38:11', '0000-00-00 00:00:00'),
(5, 1, '2024-01-11', 'Coding lagi', '2024-01-10 08:47:41', '2024-01-10 08:47:41', '0000-00-00 00:00:00'),
(6, 1, '2024-01-10', 'coding aplikasi', '2024-01-10 09:02:28', '2024-01-10 09:02:28', '0000-00-00 00:00:00'),
(9, 6, '2024-01-11', 'nyobain', '2024-01-11 03:25:51', '2024-01-11 03:25:51', '0000-00-00 00:00:00'),
(10, 7, '2024-01-11', 'Pelatihan pembina statistik sektoral 2024', '2024-01-11 03:29:17', '2024-01-11 03:29:17', '0000-00-00 00:00:00'),
(12, 7, '2024-01-11', 'Mengerjakan Laporan Lakin 2023', '2024-01-11 03:29:49', '2024-01-11 03:29:49', '0000-00-00 00:00:00'),
(13, 22, '2024-01-11', 'MOOC pelatihan Susenas\r\nMenyusun laporan kegiatan Susenas-Seruti 2023\r\nMenghitung proyeksi penduduk per kecamatan (permintaan data Bappeda)', '2024-01-11 06:29:02', '2024-01-11 06:29:02', '0000-00-00 00:00:00'),
(14, 9, '2024-01-15', 'Penyusunan bah(survei SHP)', '2024-01-15 02:03:10', '2024-01-15 02:03:10', '0000-00-00 00:00:00'),
(16, 32, '2024-01-11', 'Pelatihan SHBG', '2024-01-15 02:04:12', '2024-01-15 02:04:12', '0000-00-00 00:00:00'),
(17, 32, '2024-01-12', 'Pelatihan SHP', '2024-01-15 02:04:33', '2024-01-15 02:04:33', '0000-00-00 00:00:00'),
(18, 33, '2024-01-01', 'Hari Libur tanggal 1 Januari 2024', '2024-01-15 02:05:31', '2024-01-15 02:05:31', '0000-00-00 00:00:00'),
(19, 22, '2024-01-12', 'Mengikuti rapat ketua tim BPS Demak\r\nMengikuti MOOC pelatihan Innas Susenas\r\nMenyusun laporan kegiatan Susenas-Seruti 2023', '2024-01-15 02:07:27', '2024-01-15 02:07:27', '0000-00-00 00:00:00'),
(20, 33, '2024-01-02', 'Pembinaan (apel pagi)\r\nMempelajari materi pelatihan online SHPBG dan SHP\r\nMengikuti kegiatan MOOC Pelatihan Statistik Harga', '2024-01-15 02:07:40', '2024-01-15 02:07:40', '0000-00-00 00:00:00'),
(21, 33, '2024-01-03', 'Pembinaan (apel pagi); \r\nMengikuti pelatihan online SHPBG', '2024-01-15 02:09:28', '2024-01-15 02:09:28', '0000-00-00 00:00:00'),
(22, 33, '2024-01-04', 'Pembinaan (apel pagi); \r\nMengikuti pelatihan online SHP', '2024-01-15 02:11:11', '2024-01-15 02:11:11', '0000-00-00 00:00:00'),
(23, 33, '2024-01-05', 'Pembinaan (apel pagi); \r\nMengikuti pelatihan online SHP', '2024-01-15 02:12:50', '2024-01-15 02:12:50', '0000-00-00 00:00:00'),
(24, 33, '2024-01-08', 'Pembinaan (apel pagi); \r\nMempelajari kembali materi pelatihan SHPBG dan menyiapkan berkas serta kelengkapan pelatihan', '2024-01-15 02:14:55', '2024-01-15 02:14:55', '0000-00-00 00:00:00'),
(25, 20, '2024-01-15', 'Ngeprint / memberi disposisi surat masuk email  sebanyak  3 surat  dari jam  07,30', '2024-01-15 02:14:56', '2024-01-15 02:14:56', '0000-00-00 00:00:00'),
(26, 33, '2024-01-09', 'Pembinaan (apel pagi); Mempelajari kembali materi pelatihan SHP dan menyiapkan berkas serta kelengkapan pelatihan', '2024-01-15 02:15:12', '2024-01-15 02:15:12', '0000-00-00 00:00:00'),
(27, 33, '2024-01-10', '[Tugas Luar] Izin mengikuti ujian open biding Statistisi Muda di BPS Provinsi Jawa Tengah\r\n', '2024-01-15 02:16:07', '2024-01-15 02:16:07', '0000-00-00 00:00:00'),
(28, 33, '2024-01-11', 'Memberikan pelatihan kepada petugas pengumpulan data SHPBG di ruang kepala', '2024-01-15 02:16:45', '2024-01-15 02:16:45', '0000-00-00 00:00:00'),
(29, 20, '2024-01-15', 'pembinaan  pegawai oleh kepala  jam 07.30 - selesai', '2024-01-15 02:16:53', '2024-01-15 02:16:53', '0000-00-00 00:00:00'),
(31, 33, '2024-01-12', 'Memberikan pelatihan kepada petugas pengumpulan data SHP di ruang aula BPS Kabupaten Demak', '2024-01-15 02:18:02', '2024-01-15 02:18:02', '0000-00-00 00:00:00'),
(32, 12, '2024-01-15', 'Apel Hari Senin', '2024-01-15 02:18:06', '2024-01-15 02:18:06', '0000-00-00 00:00:00'),
(33, 12, '2024-01-02', 'Pembinaan pegawai melalui SAPA Pagi', '2024-01-15 02:22:44', '2024-01-15 02:22:44', '0000-00-00 00:00:00'),
(36, 12, '2024-01-02', 'Rapat Ketua Tim Kerja Perdana di 2024', '2024-01-15 02:23:45', '2024-01-15 02:23:45', '0000-00-00 00:00:00'),
(38, 12, '2024-01-02', 'Mengisi dan melengkapi KIPAPP Bulan Desember 2023', '2024-01-15 02:26:10', '2024-01-15 02:26:10', '0000-00-00 00:00:00'),
(41, 12, '2024-01-02', 'Mengecek dan memeriksa portal site RB BPS Demak', '2024-01-15 02:27:47', '2024-01-15 02:27:47', '0000-00-00 00:00:00'),
(42, 12, '2024-01-03', 'Pembinaan pegawai melalui SAPA Pagi', '2024-01-15 02:28:43', '2024-01-15 02:28:43', '0000-00-00 00:00:00'),
(43, 36, '2024-01-11', 'Menyelesaikan KIPAPP', '2024-01-15 02:28:43', '2024-01-15 02:28:43', '0000-00-00 00:00:00'),
(45, 12, '2024-01-03', 'Mengisi dan melengkapi bukti dukung KIPAPP Desember 2023', '2024-01-15 02:29:34', '2024-01-15 02:29:34', '0000-00-00 00:00:00'),
(46, 36, '2024-01-15', 'Mengikuti Bincang-bincang AGRO ST2023 melalui youtube terkait rilis hasil ST2023 tahap II', '2024-01-15 02:31:39', '2024-01-15 02:31:39', '0000-00-00 00:00:00'),
(47, 12, '2024-01-03', 'Membuat konten Medsos BPS Demak', '2024-01-15 02:33:36', '2024-01-15 02:33:36', '0000-00-00 00:00:00'),
(48, 37, '2024-01-15', 'Mengkikuti PJJ Pelatihan Inda Sakernas.', '2024-01-15 02:33:39', '2024-01-15 02:33:39', '0000-00-00 00:00:00'),
(49, 12, '2024-01-03', 'Rapat RB dengan Pilar Manajemen Perubahan', '2024-01-15 02:34:03', '2024-01-15 02:34:03', '0000-00-00 00:00:00'),
(50, 30, '2024-01-02', 'Mengikuti rapat ketua tim', '2024-01-15 02:36:25', '2024-01-15 02:36:25', '0000-00-00 00:00:00'),
(51, 30, '2024-01-02', 'Membuat bukti dukung FRA triwulan 4 2023', '2024-01-15 02:36:48', '2024-01-15 02:36:48', '0000-00-00 00:00:00'),
(52, 12, '2024-01-03', 'Rapat pembentukan Tim Medsos BPS Demak 2024', '2024-01-15 02:37:46', '2024-01-15 02:37:46', '0000-00-00 00:00:00'),
(53, 20, '2024-01-12', 'Memberi  lembaran disposisi surat dan membagi ke ketua tiem sebanyak  4 surat  mulai jam 08.00', '2024-01-15 02:38:25', '2024-01-15 02:38:25', '0000-00-00 00:00:00'),
(54, 30, '2024-01-03', 'Membuat SKP Tahunan', '2024-01-15 02:39:16', '2024-01-15 02:39:16', '0000-00-00 00:00:00'),
(55, 30, '2024-01-03', 'Mengikuti Zoom Meeting Uji Coba PODES', '2024-01-15 02:39:32', '2024-01-15 02:39:32', '0000-00-00 00:00:00'),
(56, 12, '2024-01-04', 'Pembinaan pegawai melalui SAPA Pagi', '2024-01-15 02:39:53', '2024-01-15 02:39:53', '0000-00-00 00:00:00'),
(57, 30, '2024-01-04', 'Mengadakan rapat pilar Tata Laksana', '2024-01-15 02:40:02', '2024-01-15 02:40:02', '0000-00-00 00:00:00'),
(58, 30, '2024-01-04', 'Mengikuti rapat tim Medsos', '2024-01-15 02:40:16', '2024-01-15 02:40:16', '0000-00-00 00:00:00'),
(59, 20, '2024-01-12', 'Pembinaan  / olahraga bersama pimpinan  mulai jam 07.30', '2024-01-15 02:40:26', '2024-01-15 02:40:26', '0000-00-00 00:00:00'),
(60, 30, '2024-01-05', 'Mengikuti senam Jum\'at Sehat', '2024-01-15 02:40:39', '2024-01-15 02:40:39', '0000-00-00 00:00:00'),
(61, 30, '2024-01-05', 'Mengikuti rapat admin medsos', '2024-01-15 02:40:52', '2024-01-15 02:40:52', '0000-00-00 00:00:00'),
(62, 30, '2024-01-12', 'Melakukan monev medsos', '2024-01-15 02:41:15', '2024-01-15 02:41:15', '0000-00-00 00:00:00'),
(63, 30, '2024-01-12', 'Mengikuti rapat ketua tim', '2024-01-15 02:41:29', '2024-01-15 02:41:29', '0000-00-00 00:00:00'),
(64, 30, '2024-01-12', 'Membuat laporan kegiatan', '2024-01-15 02:41:44', '2024-01-15 02:41:44', '0000-00-00 00:00:00'),
(65, 30, '2024-01-05', 'melakukan pemeriksaan VHTS Bulanan', '2024-01-15 02:42:01', '2024-01-15 02:42:01', '0000-00-00 00:00:00'),
(66, 30, '2024-01-15', 'Mengumpulkan bahan untuk membuat infografis', '2024-01-15 02:42:55', '2024-01-15 02:42:55', '0000-00-00 00:00:00'),
(67, 12, '2024-01-04', 'Rapat Fungsi NERWILIS BPS se - Provinsi Jawa Tengah tahun 2024 melalui zoom', '2024-01-15 02:47:09', '2024-01-15 02:47:09', '0000-00-00 00:00:00'),
(68, 30, '2024-01-02', 'Membuat alokasi Survei VHTS Bulanan', '2024-01-15 02:49:33', '2024-01-15 02:49:33', '0000-00-00 00:00:00'),
(69, 30, '2024-01-03', 'Menyiapkan dokumen dan administrasi survei VHTS', '2024-01-15 02:50:09', '2024-01-15 02:50:09', '0000-00-00 00:00:00'),
(70, 30, '2024-01-12', 'Melakukan entry data survei VHTS', '2024-01-15 02:50:32', '2024-01-15 02:50:32', '0000-00-00 00:00:00'),
(71, 12, '2024-01-04', 'Rapat Koordinator Tim Medsos BPS Demak', '2024-01-15 02:50:58', '2024-01-15 02:50:58', '0000-00-00 00:00:00'),
(72, 12, '2024-01-04', 'Rapat Koordinasi RB dengan Pilar Penataan Tatalaksana', '2024-01-15 03:00:23', '2024-01-15 03:00:23', '0000-00-00 00:00:00'),
(73, 12, '2024-01-05', 'Jumat Sehat dengan Senam Pagi dan olah raga ', '2024-01-15 03:01:18', '2024-01-15 03:01:18', '0000-00-00 00:00:00'),
(74, 12, '2024-01-05', 'Membuat dan melengkapi KIPAPP Tahunan 2023', '2024-01-15 03:01:55', '2024-01-15 03:01:55', '0000-00-00 00:00:00'),
(75, 12, '2024-01-05', 'Diskusi Tim Neraca ( Produksi dan Pengeluaran ) terkait persiapan penyusunan PDRB Triwulan IV 2023', '2024-01-15 03:03:31', '2024-01-15 03:03:31', '0000-00-00 00:00:00'),
(77, 26, '2024-01-08', 'Pengawasan pendataan lapangan kegiatan survei ubinan tanaman pangan komoditas padi', '2024-01-15 03:17:15', '2024-01-15 03:17:15', '0000-00-00 00:00:00'),
(78, 14, '2024-01-12', 'Pelatihan SHP', '2024-01-15 03:25:30', '2024-01-15 03:25:30', '0000-00-00 00:00:00'),
(79, 30, '2024-01-04', 'Melakukan pengamatan hotel untuk Snapshoot Perekonomian ', '2024-01-15 03:25:48', '2024-01-15 03:25:48', '0000-00-00 00:00:00'),
(80, 14, '2024-01-11', 'Pelatihan Ubinan', '2024-01-15 03:26:44', '2024-01-15 03:26:44', '0000-00-00 00:00:00'),
(81, 30, '2024-01-03', 'Melakukan pengamatan  kunjungan pariwisata untuk snapshoot perekonomian ', '2024-01-15 03:26:49', '2024-01-15 03:26:49', '0000-00-00 00:00:00'),
(82, 30, '2024-01-05', 'Melakukan pengamatan Restoran untuk snapshoot perekonomian', '2024-01-15 03:27:30', '2024-01-15 03:27:30', '0000-00-00 00:00:00'),
(83, 14, '2024-01-03', 'Pemeriksaan Updating Ubinan', '2024-01-15 03:27:38', '2024-01-15 03:27:38', '0000-00-00 00:00:00'),
(84, 36, '2024-01-08', 'Supervisi/Pengawasan Survei Ubinan Padi SR 1 tahun 2024 di Desa Undaan Lor Kecamatan Karangayar', '2024-01-15 03:33:21', '2024-01-15 03:33:21', '0000-00-00 00:00:00'),
(85, 14, '2024-01-08', 'pendataan Snapshoot', '2024-01-15 03:33:26', '2024-01-15 03:33:26', '0000-00-00 00:00:00'),
(86, 30, '2024-01-02', 'Mengikuti pembinaan/Apel SAPA PAGI', '2024-01-15 03:34:06', '2024-01-15 03:34:06', '0000-00-00 00:00:00'),
(87, 30, '2024-01-03', 'Mengikuti pembinaan/Apel SAPA PAGI', '2024-01-15 03:34:13', '2024-01-15 03:34:13', '0000-00-00 00:00:00'),
(88, 30, '2024-01-04', 'Mengikuti pembinaan/Apel SAPA PAGI', '2024-01-15 03:34:20', '2024-01-15 03:34:20', '0000-00-00 00:00:00'),
(89, 14, '2024-01-05', 'Pendataan Snapshoot', '2024-01-15 03:34:22', '2024-01-15 03:34:22', '0000-00-00 00:00:00'),
(90, 30, '2024-01-12', 'Mengikuti pembinaan/olahraga JUMAT SEHAT', '2024-01-15 03:34:51', '2024-01-15 03:34:51', '0000-00-00 00:00:00'),
(91, 30, '2024-01-15', 'Mengikuti pembinaan/Apel SAPA PAGI', '2024-01-15 03:34:58', '2024-01-15 03:34:58', '0000-00-00 00:00:00'),
(92, 36, '2024-01-04', 'Supervisi/Pengawasan Survei LPTB ke RPH Bintoro Demak ', '2024-01-15 03:35:35', '2024-01-15 03:35:35', '0000-00-00 00:00:00'),
(93, 32, '2024-01-15', 'Mengikuti pembinaan apel pagi/sapa pagi', '2024-01-15 03:37:02', '2024-01-15 03:37:02', '0000-00-00 00:00:00'),
(94, 36, '2024-01-11', 'Menyelenggarakan Rapat Persiapan Survei Ubinan 2023 (memberikan materi pada Briefing Migrasi ICS ke Fasih Survei Ubinan 2023)', '2024-01-15 03:37:35', '2024-01-15 03:37:35', '0000-00-00 00:00:00'),
(95, 37, '2024-01-12', 'Mengikuti  PJJ  Pelatihan Pembina Statistik Sektoral 2024', '2024-01-15 03:38:25', '2024-01-15 03:38:25', '0000-00-00 00:00:00'),
(96, 32, '2024-01-15', 'Entry data hasil pengumpulan survei HKD ', '2024-01-15 03:38:25', '2024-01-15 03:38:25', '0000-00-00 00:00:00'),
(97, 37, '2024-01-11', 'Mengikuti PJJ Pelatihan Pembina Statistik Sektoral 2024', '2024-01-15 03:38:50', '2024-01-15 03:38:50', '0000-00-00 00:00:00'),
(98, 36, '2024-01-04', 'Mengikuti Briefing Migrasi Ubinan Padi ke Fasih tahun 2024 oleh BPS RI', '2024-01-15 03:38:51', '2024-01-15 03:38:51', '0000-00-00 00:00:00'),
(99, 37, '2024-01-10', 'Mengikuti PJJ Pelatihan Pembina Statistik Sektoral 2024', '2024-01-15 03:39:01', '2024-01-15 03:39:01', '0000-00-00 00:00:00'),
(100, 32, '2024-01-05', 'Mengikuti pembinaan Jumat sehat ', '2024-01-15 03:39:26', '2024-01-15 03:39:26', '0000-00-00 00:00:00'),
(101, 36, '2024-01-03', 'Alokasi sampel Survei Ubinan Padi SR1 tahun 2024 bulan Januari dan Februari 2024', '2024-01-15 03:40:59', '2024-01-15 03:40:59', '0000-00-00 00:00:00'),
(102, 32, '2024-01-03', 'Mendistribusikan Dok SHP satat Distribusi', '2024-01-15 03:41:55', '2024-01-15 03:41:55', '0000-00-00 00:00:00'),
(105, 36, '2024-01-04', 'Monitoring pemeriksaaan dan pengolahan data SP Palawija bulan Desember 2023 dan upload data hasil entri ke link BPS Provinsi Jateng.', '2024-01-15 03:44:47', '2024-01-15 03:44:47', '0000-00-00 00:00:00'),
(106, 32, '2024-01-05', 'Membuat medsos konten tiktok kegiatan bps', '2024-01-15 03:45:26', '2024-01-15 03:45:26', '0000-00-00 00:00:00'),
(107, 32, '2024-01-09', 'Menditribusikan Dok HBG dan HD', '2024-01-15 03:46:58', '2024-01-15 03:46:58', '0000-00-00 00:00:00'),
(108, 36, '2024-01-05', 'Monitoring pemeriksaan dan pengolahan data SPH bulanan SBS Desember 2023 ', '2024-01-15 03:47:14', '2024-01-15 03:47:14', '0000-00-00 00:00:00'),
(109, 32, '2024-01-09', 'Merikrut petugas Susenas karangtengah', '2024-01-15 03:48:42', '2024-01-15 03:48:42', '0000-00-00 00:00:00'),
(110, 36, '2024-01-02', 'Monitoring pengolahan dan penarikan sampel Updating/Pemutakhiran Ubinan Palawija SR 1 tahun 2024 ', '2024-01-15 03:48:48', '2024-01-15 03:48:48', '0000-00-00 00:00:00'),
(111, 36, '2024-01-03', 'Monitoring alokasi sampel survei ubinan palawija SR 1 tahun 2024', '2024-01-15 03:50:09', '2024-01-15 03:50:09', '0000-00-00 00:00:00'),
(112, 36, '2024-01-03', 'Alokasi sampel dan petugas survei LPTB bulan Desember 2023 pada aplikasi FASIH', '2024-01-15 03:51:00', '2024-01-15 03:51:00', '0000-00-00 00:00:00'),
(113, 36, '2024-01-05', 'Pemeriksaan/approval survei LPTB bulan Desember 2023 pada aplikasi FASIH', '2024-01-15 03:51:58', '2024-01-15 03:51:58', '0000-00-00 00:00:00'),
(114, 32, '2024-01-10', 'Survei IBS bulanan PT buana box ', '2024-01-15 03:53:07', '2024-01-15 03:53:07', '0000-00-00 00:00:00'),
(115, 36, '2024-01-08', 'Melakukan entri data SPH triwulanan : BST, TBF dan TH triwulan IV tahun 2023', '2024-01-15 03:53:15', '2024-01-15 03:53:15', '0000-00-00 00:00:00'),
(116, 36, '2024-01-12', 'Membuat Laporan Kegiatan Statistik Pertanian tahun 2023', '2024-01-15 03:54:13', '2024-01-15 03:54:13', '0000-00-00 00:00:00'),
(117, 36, '2024-01-10', 'Membuat surat undangan rapat persiapan survei ubinan tahun 2024 (Briefing migrasi ICS ke FASIH)', '2024-01-15 03:55:07', '2024-01-15 03:55:07', '0000-00-00 00:00:00'),
(118, 36, '2024-01-02', 'Membuat alokasi petugas dan jadwal pemandu SAPA  PAGI pilar Manajemen Perubahan untuk bulan Januari-Maret 2023', '2024-01-15 03:57:07', '2024-01-15 03:57:07', '0000-00-00 00:00:00'),
(120, 36, '2024-01-04', 'Mengikuti Apel Pagi (SAPA PAGI)/Pembinaan Pegawai', '2024-01-15 03:59:43', '2024-01-15 03:59:43', '0000-00-00 00:00:00'),
(121, 32, '2024-01-04', 'Pemeriksaan data SP padi palawija ', '2024-01-15 03:59:44', '2024-01-15 03:59:44', '0000-00-00 00:00:00'),
(122, 36, '2024-01-02', 'Mengikuti Apel Pagi (SAPA PAGI)/Pembinaan Pegawai', '2024-01-15 04:00:34', '2024-01-15 04:00:34', '0000-00-00 00:00:00'),
(123, 36, '2024-01-03', 'Mengikuti Apel Pagi (SAPA PAGI)/Pembinaan Pegawai', '2024-01-15 04:00:43', '2024-01-15 04:00:43', '0000-00-00 00:00:00'),
(124, 36, '2024-01-08', 'Mengikuti Apel Pagi (SAPA PAGI)/Pembinaan Pegawai', '2024-01-15 04:00:51', '2024-01-15 04:00:51', '0000-00-00 00:00:00'),
(125, 36, '2024-01-09', 'Mengikuti Apel Pagi (SAPA PAGI)/Pembinaan Pegawai', '2024-01-15 04:01:00', '2024-01-15 04:01:00', '0000-00-00 00:00:00'),
(126, 36, '2024-01-10', 'Mengikuti Apel Pagi (SAPA PAGI)/Pembinaan Pegawai', '2024-01-15 04:01:07', '2024-01-15 04:01:07', '0000-00-00 00:00:00'),
(127, 36, '2024-01-11', 'Mengikuti Apel Pagi (SAPA PAGI)/Pembinaan Pegawai', '2024-01-15 04:01:14', '2024-01-15 04:01:14', '0000-00-00 00:00:00'),
(128, 36, '2024-01-15', 'Mengikuti Apel Pagi (SAPA PAGI)/Pembinaan Pegawai', '2024-01-15 04:01:21', '2024-01-15 04:01:21', '0000-00-00 00:00:00'),
(129, 36, '2024-01-05', 'Mengikuti Senam Pagi Bersama di Stadion Demak /Pembinaan Pegawai', '2024-01-15 04:02:03', '2024-01-15 04:02:03', '0000-00-00 00:00:00'),
(130, 36, '2024-01-12', 'Mengikuti olahraga Jumat Sehat /Pembinaan Pegawai', '2024-01-15 04:02:35', '2024-01-15 04:02:35', '0000-00-00 00:00:00'),
(131, 32, '2024-01-15', 'Entri Data  pengumpulan Survei SHP', '2024-01-15 04:04:15', '2024-01-15 04:04:15', '0000-00-00 00:00:00'),
(132, 36, '2024-01-15', 'Melakukan validasi dan tabulasi  data SPH bulan Nov dan Des, BST dan TBF triwulan IV 2023 (permintaan dari Dipertan Demak)', '2024-01-15 04:05:42', '2024-01-15 04:05:42', '0000-00-00 00:00:00'),
(133, 36, '2024-01-09', 'Rapat Ketua Tim Pembahasan Anggaran tahun 2024', '2024-01-15 04:07:33', '2024-01-15 04:07:33', '0000-00-00 00:00:00'),
(134, 36, '2024-01-12', 'Rapat Ketua Tim Pembahasan CKT triwulan IV tahun 2023', '2024-01-15 04:08:49', '2024-01-15 04:08:49', '0000-00-00 00:00:00'),
(135, 30, '2024-01-15', 'Membuat bukti pendukung pilar tata laksana', '2024-01-15 04:25:37', '2024-01-15 04:25:37', '0000-00-00 00:00:00'),
(136, 36, '2024-01-15', 'Membuat Bukti Dukung dan Tindak Lanjut Fra CKT triwulan IV 2023', '2024-01-15 06:07:11', '2024-01-15 06:07:11', '0000-00-00 00:00:00'),
(137, 36, '2024-01-09', 'Menyelesaikan KIPAPP', '2024-01-15 06:08:30', '2024-01-15 06:08:30', '0000-00-00 00:00:00'),
(138, 33, '2024-01-15', 'Pembinaan (apel pagi);\r\nMelengkapi syarat-syarat pencairan uang transport pelatihan SHPBG dan SHP', '2024-01-15 08:51:57', '2024-01-15 08:51:57', '0000-00-00 00:00:00'),
(139, 7, '2024-01-16', 'Menyusun dokumen Laporan Kinerja Kegiatan Umum', '2024-01-16 04:47:02', '2024-01-16 04:47:02', '0000-00-00 00:00:00'),
(140, 7, '2024-01-15', 'Menyusun dokumen Laporan Kinerja Kegiatan Umum', '2024-01-16 04:47:26', '2024-01-16 04:47:26', '0000-00-00 00:00:00'),
(141, 7, '2024-01-15', 'Menyusun dan mengelola dokumen FRA Triwulanan Kegiatan Umum', '2024-01-16 04:48:43', '2024-01-16 04:48:43', '0000-00-00 00:00:00'),
(142, 7, '2024-01-16', 'Membuat Tabel Publikasi Kegiatan Fungsi IPDS', '2024-01-16 04:50:30', '2024-01-16 04:50:30', '0000-00-00 00:00:00'),
(143, 32, '2024-01-16', 'Mengikuti pembinaan apelpagi/ sapa pagi', '2024-01-16 04:56:43', '2024-01-16 04:56:43', '0000-00-00 00:00:00'),
(144, 32, '2024-01-16', 'Membuat medsos tik tok pelatihan shp dan sang juara', '2024-01-16 04:58:14', '2024-01-16 04:58:14', '0000-00-00 00:00:00'),
(145, 25, '2024-01-15', 'Menghadiri Penyampaian Hasil Kajian dan Diskusi Validasi Dokumen SOC Kabupaten Demak di Bappelitbangda', '2024-01-16 06:36:52', '2024-01-16 06:36:52', '0000-00-00 00:00:00'),
(146, 25, '2024-01-16', 'Menginstal Persiapan Program Entry SIMTP Tahun 2024', '2024-01-16 06:42:47', '2024-01-16 06:42:47', '0000-00-00 00:00:00'),
(147, 25, '2024-01-10', 'Mengikuti Pelatihan EPSS', '2024-01-16 06:45:38', '2024-01-16 06:45:38', '0000-00-00 00:00:00'),
(148, 25, '2024-01-11', 'Mengikuti Pelatihan EPSS', '2024-01-16 06:46:11', '2024-01-16 06:46:11', '0000-00-00 00:00:00'),
(149, 25, '2024-01-12', 'Mengikuti Pelatihan EPSS', '2024-01-16 06:46:21', '2024-01-16 06:46:21', '0000-00-00 00:00:00'),
(150, 26, '2024-01-05', 'melakukan pendataan lapangan kegiatan neraca produksi (snapshot)', '2024-01-16 07:14:42', '2024-01-16 07:14:42', '0000-00-00 00:00:00'),
(151, 26, '2024-01-11', 'melaksanakan Briefing aplikasi fasih untuk kegiatan Ubinan', '2024-01-16 07:17:49', '2024-01-16 07:17:49', '0000-00-00 00:00:00'),
(152, 26, '2024-01-12', 'melaksanakan pelatihan secara offline survei harga produsen', '2024-01-16 07:18:28', '2024-01-16 07:18:28', '0000-00-00 00:00:00'),
(153, 26, '2024-01-10', 'Pengawasan pendataan lapangan Survei Harga Perdagangan Besar', '2024-01-16 07:19:05', '2024-01-16 07:19:05', '0000-00-00 00:00:00'),
(154, 26, '2024-01-09', 'Pengawasan pendataan lapangan kegiatan survei Harga Produsen', '2024-01-16 07:20:34', '2024-01-16 07:20:34', '0000-00-00 00:00:00'),
(155, 20, '2024-01-16', 'Pembinaan  / apel pagi  bersama kepala dan pegawai bps Demak jam 07.39 - 08.15', '2024-01-16 07:36:10', '2024-01-16 07:36:10', '0000-00-00 00:00:00'),
(156, 20, '2024-01-16', 'Ngeprint surat / arsip email  sebanyak 2 surat dan menerima surat sebanyak 2 surat dari setda  jam 08,15', '2024-01-16 07:37:33', '2024-01-16 07:37:33', '0000-00-00 00:00:00'),
(157, 7, '2024-01-16', 'Menyusun dokumen Perjanjian Kinerja', '2024-01-16 07:47:45', '2024-01-16 07:47:45', '0000-00-00 00:00:00'),
(158, 7, '2024-01-10', 'Pelatihan pembina statistik sektoral 2024', '2024-01-16 07:48:06', '2024-01-16 07:48:06', '0000-00-00 00:00:00'),
(159, 7, '2024-01-12', 'Pelatihan pembina statistik sektoral 2024', '2024-01-16 07:48:22', '2024-01-16 07:48:22', '0000-00-00 00:00:00'),
(160, 12, '2024-01-08', 'Pembinaan Pegawai melalui Apel Senin Pagi', '2024-01-16 08:29:53', '2024-01-16 08:29:53', '0000-00-00 00:00:00'),
(161, 12, '2024-01-08', 'Rapat Koordinasi Tim Konten Medsos BPS Kab. Demak', '2024-01-16 08:30:57', '2024-01-16 08:30:57', '0000-00-00 00:00:00'),
(162, 12, '2024-01-08', 'Pengamatan Snapshot Pembangunan Jalan Raya, dan Kunjungan rumah sakit.', '2024-01-16 08:31:42', '2024-01-16 08:31:42', '0000-00-00 00:00:00'),
(163, 12, '2024-01-08', 'Meperbaiki isian KIPAPP Tahunan dan finalisasi KIPAPP untuk dinilai pimpinan', '2024-01-16 08:32:35', '2024-01-16 08:32:35', '0000-00-00 00:00:00'),
(164, 30, '2024-01-16', 'Mengikuti rapat ketua tim', '2024-01-17 00:46:03', '2024-01-17 00:46:03', '0000-00-00 00:00:00'),
(165, 30, '2024-01-16', 'Membuat bukti RB', '2024-01-17 00:46:17', '2024-01-17 00:46:17', '0000-00-00 00:00:00'),
(166, 30, '2024-01-17', 'Mengikuti rapat distribusi melalui Zoom Meeting', '2024-01-17 00:46:40', '2024-01-17 00:46:40', '0000-00-00 00:00:00'),
(167, 30, '2024-01-16', 'Mengikuti pembinaan/Apel SAPA PAGI', '2024-01-17 00:47:04', '2024-01-17 00:47:04', '0000-00-00 00:00:00'),
(168, 30, '2024-01-17', 'Mengikuti pembinaan/Apel SAPA PAGI', '2024-01-17 00:47:09', '2024-01-17 00:47:09', '0000-00-00 00:00:00'),
(169, 9, '2024-01-16', 'Menyusun pemenuhan RB pilar Tata Laksana', '2024-01-17 00:53:30', '2024-01-17 00:53:30', '0000-00-00 00:00:00'),
(170, 9, '2024-01-16', 'Menyusun Bahan PDRB Lapangan Usaha', '2024-01-17 00:54:17', '2024-01-17 00:54:17', '0000-00-00 00:00:00'),
(171, 9, '2024-01-17', 'Menyusun pemenuhan RB (Tata Laksana)', '2024-01-17 00:54:40', '2024-01-17 00:54:40', '0000-00-00 00:00:00'),
(172, 7, '2024-01-17', 'Merapikan infografis ke ukuran A3', '2024-01-17 02:09:56', '2024-01-17 02:09:56', '0000-00-00 00:00:00'),
(174, 7, '2024-01-17', 'Menyusun dokumen Laporan Kinerja Kegiatan Umum', '2024-01-17 02:11:47', '2024-01-17 02:11:47', '0000-00-00 00:00:00'),
(178, 7, '2024-01-17', '\r\nMengikuti Rapat Koordinasi (Internal BPS) Kegiatan Umum', '2024-01-17 02:20:05', '2024-01-17 02:20:05', '0000-00-00 00:00:00'),
(179, 7, '2024-01-17', 'Membuat Tabel Publikasi Kegiatan Fungsi IPDS', '2024-01-17 02:20:16', '2024-01-17 02:20:16', '0000-00-00 00:00:00'),
(181, 2, '2024-01-02', '1. Mengikuti Rapat Koordinasi (Internal BPS) Kegiatan Umum 2. Membuat konten penyelenggaraan kegiatan statistik di Media Sosial Kegiatan Umum', '2024-01-17 02:21:15', '2024-01-17 02:21:15', '0000-00-00 00:00:00'),
(182, 2, '2024-01-03', '1. Mengikuti Rapat Koordinasi (Internal BPS) Kegiatan Umum 2. Membuat konten penyelenggaraan kegiatan statistik di Media Sosial Kegiatan Umum\r\n3. Membuat Tabel Publikasi Kegiatan Fungsi IPDS', '2024-01-17 02:23:26', '2024-01-17 02:23:26', '0000-00-00 00:00:00'),
(183, 2, '2024-01-04', '1. Mengikuti Rapat Koordinasi (Internal BPS) Kegiatan Umum \r\n2. Pelengkapan Bukti Dukung Kegiatan Reformasi Birokrasi\r\n', '2024-01-17 02:26:33', '2024-01-17 02:26:33', '0000-00-00 00:00:00'),
(184, 2, '2024-01-05', '1. Senam\r\n2.  Membuat konten penyelenggaraan kegiatan statistik di Media Sosial Kegiatan Umum\r\n3. Melengkapi Bukti Dukung Kegiatan Reformasi Birokrasi', '2024-01-17 02:27:28', '2024-01-17 02:27:28', '0000-00-00 00:00:00'),
(185, 12, '2024-01-09', 'Pembinaan pegawai melalui SAPA Pagi', '2024-01-17 02:28:23', '2024-01-17 02:28:23', '0000-00-00 00:00:00'),
(186, 12, '2024-01-09', 'Membuat bahan presentasi calon Change Ambassador 2024', '2024-01-17 02:28:55', '2024-01-17 02:28:55', '0000-00-00 00:00:00'),
(187, 12, '2024-01-09', 'Menyampaikan paparan program BerAkhlak pada pemilihan Change Ambassador 2024', '2024-01-17 02:29:49', '2024-01-17 02:29:49', '0000-00-00 00:00:00'),
(188, 2, '2024-01-08', '1. Mengikuti Rapat Koordinasi (Internal BPS) Kegiatan Umum 2. Pelengkapan Bukti Dukung Kegiatan Reformasi Birokrasi', '2024-01-17 02:29:56', '2024-01-17 02:29:56', '0000-00-00 00:00:00'),
(189, 2, '2024-01-09', '1. Mengikuti Rapat Koordinasi (Internal BPS) Kegiatan Umum 2. Membuat konten penyelenggaraan kegiatan statistik di Media Sosial Kegiatan Umum \r\n3. Melengkapi Bukti Dukung Kegiatan Reformasi Birokrasi', '2024-01-17 02:30:40', '2024-01-17 02:30:40', '0000-00-00 00:00:00'),
(190, 12, '2024-01-09', 'Melakukan pengamatan Snapshot penyaluran Bansos dan Pembangunan jalan', '2024-01-17 02:30:47', '2024-01-17 02:30:47', '0000-00-00 00:00:00'),
(191, 2, '2024-01-10', '1. Mengikuti Rapat Koordinasi (Internal BPS) Kegiatan Umum 2. Membuat konten penyelenggaraan kegiatan statistik di Media Sosial Kegiatan Umum \r\n3. Melengkapi Bukti Dukung Kegiatan Reformasi Birokrasi', '2024-01-17 02:31:10', '2024-01-17 02:31:10', '0000-00-00 00:00:00'),
(192, 12, '2024-01-09', 'Mengelola konten medsos BPS Demak', '2024-01-17 02:31:40', '2024-01-17 02:31:40', '0000-00-00 00:00:00'),
(193, 2, '2024-01-11', '1.  Mengikuti Rapat Persiapan Survei Ubinan Tahun 2024', '2024-01-17 02:34:10', '2024-01-17 02:34:10', '0000-00-00 00:00:00'),
(194, 2, '2024-01-12', '1.  Mengikuti Pelatihan Suevei Harga Produsen 2024', '2024-01-17 02:35:20', '2024-01-17 02:35:20', '0000-00-00 00:00:00'),
(195, 2, '2024-01-15', '1. Mengikuti Rapat Koordinasi (Internal BPS) Kegiatan Umum 2. Membuat konten penyelenggaraan kegiatan statistik di Media Sosial Kegiatan Umum \r\n3. Melengkapi Bukti Dukung Kegiatan Reformasi Birokrasi', '2024-01-17 02:36:46', '2024-01-17 02:36:46', '0000-00-00 00:00:00'),
(197, 2, '2024-01-16', '1. Mengikuti Rapat Koordinasi (Internal BPS) Kegiatan Umum 2. Membuat konten penyelenggaraan kegiatan statistik di Media Sosial Kegiatan Umum \r\n3. Melengkapi Bukti Dukung Kegiatan Reformasi Birokrasi\r\n4. Membuat Tabel Publikasi Kegiatan Fungsi IPDS', '2024-01-17 02:38:43', '2024-01-17 02:38:43', '0000-00-00 00:00:00'),
(198, 2, '2024-01-17', '1. Mengikuti Rapat Koordinasi (Internal BPS) Kegiatan Umum 2. Membuat konten penyelenggaraan kegiatan statistik di Media Sosial Kegiatan Umum \r\n3. Melengkapi Bukti Dukung Kegiatan Reformasi Birokrasi\r\n4. Membuat Tabel Publikasi Kegiatan Fungsi IPDS', '2024-01-17 02:38:54', '2024-01-17 02:38:54', '0000-00-00 00:00:00'),
(199, 12, '2024-01-10', 'Pembinaan pegawai melalui SAPA Pagi', '2024-01-17 02:40:45', '2024-01-17 02:40:45', '0000-00-00 00:00:00'),
(200, 12, '2024-01-10', 'Koordinasi terkait pembuatan konten medsos BPS Demak', '2024-01-17 02:41:21', '2024-01-17 02:41:21', '0000-00-00 00:00:00'),
(201, 14, '2024-01-16', 'pengalokasian tugas susenas', '2024-01-17 07:03:42', '2024-01-17 07:03:42', '0000-00-00 00:00:00'),
(202, 14, '2024-01-15', 'Pengawasan Survei HKD', '2024-01-17 07:05:33', '2024-01-17 07:05:33', '0000-00-00 00:00:00'),
(203, 14, '2024-01-02', 'Pembuatan KiPAPP.\r\n', '2024-01-17 08:04:47', '2024-01-17 08:04:47', '0000-00-00 00:00:00'),
(204, 14, '2024-01-16', 'Alokasi petugas susenas', '2024-01-17 08:05:44', '2024-01-17 08:05:44', '0000-00-00 00:00:00'),
(205, 14, '2024-01-17', 'Alokasi Petugas Susenas.\r\nmembuat kelengkapan RB Pilar Tata LAksana', '2024-01-17 08:09:57', '2024-01-17 08:09:57', '0000-00-00 00:00:00'),
(206, 30, '2024-01-18', 'Mengikuti pembinaan/Apel SAPA PAGI', '2024-01-18 01:47:25', '2024-01-18 01:47:25', '0000-00-00 00:00:00'),
(207, 30, '2024-01-18', 'Membuat infografis Hotel', '2024-01-18 01:47:41', '2024-01-18 01:47:41', '0000-00-00 00:00:00'),
(208, 1, '2024-01-16', 'CUti', '2024-01-18 01:52:29', '2024-01-18 01:52:29', '0000-00-00 00:00:00'),
(209, 1, '2024-01-17', 'Cuti', '2024-01-18 01:52:34', '2024-01-18 01:52:34', '0000-00-00 00:00:00'),
(210, 1, '2024-01-18', 'Print Kipapp\r\n', '2024-01-18 01:52:45', '2024-01-18 01:52:45', '0000-00-00 00:00:00'),
(211, 20, '2024-01-17', ', pembinaan pegawai bersama pimpinan ,surat masuk , 4 surat masuk ,  alokasi kalender  jam 07.30 - 14.30', '2024-01-18 01:53:43', '2024-01-18 01:53:43', '0000-00-00 00:00:00'),
(214, 23, '2024-01-02', 'cuti tahunan', '2024-01-18 02:10:48', '2024-01-18 02:10:48', '0000-00-00 00:00:00'),
(215, 23, '2024-01-03', 'membuat LPJ Bendahara pengeluaran dan pembukuan Desember 2023\r\n', '2024-01-18 02:11:03', '2024-01-18 02:11:03', '0000-00-00 00:00:00'),
(216, 23, '2024-01-04', 'membuat saldo rekening dan konfirmasi pajak ke KPPN Kudus\r\n', '2024-01-18 02:11:23', '2024-01-18 02:11:23', '0000-00-00 00:00:00'),
(217, 23, '2024-01-05', 'membuat Gaji Februari 2024 dan mengajukan TK Desember 2023\r\n', '2024-01-18 02:11:59', '2024-01-18 02:11:59', '0000-00-00 00:00:00'),
(218, 23, '2024-01-08', 'membuat dan melengkapi dokumen upload SPI online\r\n', '2024-01-18 02:12:56', '2024-01-18 02:12:56', '0000-00-00 00:00:00'),
(219, 23, '2024-01-09', 'menata dan melengkapi SPJ keuangan bulan Desember 2023\r\n', '2024-01-18 02:13:28', '2024-01-18 02:13:28', '0000-00-00 00:00:00'),
(220, 23, '2024-01-10', 'menata dan melengkapi SPJ keuangan bulan Desember 2023\r\n', '2024-01-18 02:13:42', '2024-01-18 02:13:42', '0000-00-00 00:00:00'),
(221, 23, '2024-01-11', 'membuat SPJ dan menjadi panitia pelatihan petugas Survei harga penggilingan padi\r\n', '2024-01-18 02:14:11', '2024-01-18 02:14:11', '0000-00-00 00:00:00'),
(222, 23, '2024-01-12', 'membuat SPJ dan menjadi panitia pelatihan petugas Survei harga produsen\r\n', '2024-01-18 02:14:26', '2024-01-18 02:14:26', '0000-00-00 00:00:00'),
(223, 23, '2024-01-15', ' mengerjakan pengisian Dashboard Kertas Kerja Pengawasan LK\r\n', '2024-01-18 02:15:01', '2024-01-18 02:15:01', '0000-00-00 00:00:00'),
(224, 23, '2024-01-16', 'membuat jurnal piutang dan penyisihan piutang di GLP aplikasi SAKTI\r\n', '2024-01-18 02:15:25', '2024-01-18 02:15:25', '0000-00-00 00:00:00'),
(225, 23, '2024-01-17', 'transfer tranlok peserta pelatihan survei harga, membuat SPBy atas pengeluaran uang  dan membuat SK Kenaikan Gaji Berkala Pegawai', '2024-01-18 02:18:25', '2024-01-18 02:18:25', '0000-00-00 00:00:00'),
(226, 23, '2024-01-18', 'membuat SPBy dan kuitansi atas pengeluaran anggaran\r\n', '2024-01-18 02:19:22', '2024-01-18 02:19:22', '0000-00-00 00:00:00'),
(227, 30, '2024-01-18', 'Menyusun KIPAPP', '2024-01-18 02:45:20', '2024-01-18 02:45:20', '0000-00-00 00:00:00'),
(228, 9, '2024-01-18', 'Menyusun pemenuhan RB Pilar Tata Laksana', '2024-01-18 03:00:43', '2024-01-18 03:00:43', '0000-00-00 00:00:00'),
(229, 9, '2024-01-18', 'Melaksanakan pendataan (ambil dokumen) SKIP Tr IV', '2024-01-18 03:01:24', '2024-01-18 03:01:24', '0000-00-00 00:00:00'),
(230, 1, '2024-01-18', 'Desain COver DDA', '2024-01-18 04:18:40', '2024-01-18 04:18:40', '0000-00-00 00:00:00'),
(231, 37, '2024-01-16', 'Mengikuti PJJ Pelatihan Inda SAK Feb 2024', '2024-01-18 05:37:11', '2024-01-18 05:37:11', '0000-00-00 00:00:00'),
(232, 37, '2024-01-17', 'Mengikuti PJJ Pelatihan Inda SAK Feb 2024', '2024-01-18 05:37:19', '2024-01-18 05:37:19', '0000-00-00 00:00:00'),
(233, 37, '2024-01-18', 'Mengikuti PJJ Pelatihan Inda SAK Feb 2024', '2024-01-18 05:37:27', '2024-01-18 05:37:27', '0000-00-00 00:00:00'),
(235, 40, '2024-01-17', 'Apel\r\nRapat Distribusi melalui Zoommeeting se Provinsi Jateng', '2024-01-18 05:43:38', '2024-01-18 05:43:38', '0000-00-00 00:00:00'),
(236, 40, '2024-01-12', 'cuti tahunan periksa mata di RS Kariadi', '2024-01-18 05:46:38', '2024-01-18 05:46:38', '0000-00-00 00:00:00'),
(237, 40, '2024-01-16', 'apel\r\nmenyiapkan surat tugas SHKK\r\nmenyiapkan surat tugas BOQ\r\nentri SHP\r\nrapat ketua Tim', '2024-01-18 05:51:11', '2024-01-18 05:51:11', '0000-00-00 00:00:00'),
(238, 40, '2024-01-15', 'apel\r\nrapat TPID di Command Center Pemda Demak\r\nentri SHPB\r\nrapat ketua Tim', '2024-01-18 05:54:36', '2024-01-18 05:54:36', '0000-00-00 00:00:00'),
(239, 39, '2024-01-18', 'Mengikuti Apel Sapa Pagi', '2024-01-18 05:55:43', '2024-01-18 05:55:43', '0000-00-00 00:00:00'),
(241, 39, '2024-01-18', 'menempel labelissasi barcade pada PC dan UPS senamyak 13 Unit dan 1 Printer Scaner\r\n', '2024-01-18 05:57:02', '2024-01-18 05:57:02', '0000-00-00 00:00:00'),
(242, 40, '2024-01-02', 'apel\r\nmenyiapkan kuesioner SHPB\r\nrapat ketua Tim\r\nmengamati release Inflasi Desember 2023\r\nmenyiapkan kuesioner SHPB', '2024-01-18 06:02:52', '2024-01-18 06:02:52', '0000-00-00 00:00:00'),
(243, 38, '2024-01-17', 'Pelatihan Innas Susenas maret 2024 melui zoom', '2024-01-18 06:04:29', '2024-01-18 06:04:29', '0000-00-00 00:00:00'),
(244, 38, '2024-01-16', 'Pelatihan Innas Susenas Maret 2024 melalui zoom', '2024-01-18 06:05:24', '2024-01-18 06:05:24', '0000-00-00 00:00:00'),
(245, 40, '2024-01-03', 'apel\r\nmenyiapkan data IPH untuk rapat TPID \r\nrapat TPID di Command\r\nCenter Pemda Demak\r\nmonitoring SHP\r\nmonitoring SHPB\r\n', '2024-01-18 06:05:48', '2024-01-18 06:05:48', '0000-00-00 00:00:00'),
(246, 38, '2024-01-15', 'Pelatihan Innas Susenas maret 2024 melui zoom', '2024-01-18 06:05:59', '2024-01-18 06:05:59', '0000-00-00 00:00:00'),
(247, 38, '2024-01-12', 'cuti', '2024-01-18 06:06:20', '2024-01-18 06:06:20', '0000-00-00 00:00:00'),
(248, 38, '2024-01-11', 'Apel pagi\r\nMelaksanakan MOOC Susenas maret 2024', '2024-01-18 06:07:06', '2024-01-18 06:07:06', '0000-00-00 00:00:00'),
(249, 38, '2024-01-10', 'Apel pagi \r\nMelaksanakan MOOC Susenas maret 2024 melalui zoom ', '2024-01-18 06:07:48', '2024-01-18 06:07:48', '0000-00-00 00:00:00'),
(251, 40, '2024-01-05', 'olah raga jalan sehat\r\nsenam di GOR Sultan Fatah\r\nmonitoring SHP\r\nmonitoring SHPB', '2024-01-18 06:10:38', '2024-01-18 06:10:38', '0000-00-00 00:00:00'),
(252, 40, '2024-01-08', 'apel\r\nrapat TPID di Command Center Pemda Demak\r\n menyiapkan pelatihan petugas SHP\r\nmonitoring SHP\r\nmonitoring SHPB', '2024-01-18 06:12:59', '2024-01-18 06:12:59', '0000-00-00 00:00:00'),
(253, 40, '2024-01-04', 'apel \r\nmenyiapkan surat tugas survei harga \r\nalokasi survei harga \r\nentri SHP \r\nmonitoring SHP \r\nmonitoring SHPB', '2024-01-18 06:33:39', '2024-01-18 06:33:39', '0000-00-00 00:00:00'),
(254, 40, '2024-01-09', 'apel\r\nmembuat laporan pencacahan SHP SHPJ\r\nmonitoring shp\r\nmonitoring shpb', '2024-01-18 06:38:08', '2024-01-18 06:38:08', '0000-00-00 00:00:00'),
(256, 39, '2024-01-16', 'Mengikuti Apel Sapa Pagi', '2024-01-18 06:40:28', '2024-01-18 06:40:28', '0000-00-00 00:00:00'),
(257, 40, '2024-01-10', 'apel\r\nmenyiapkan pelatihan SHPBG\r\nmembuat laporan pencacahan SHP SHPJ\r\nentri SHPB\r\nmonitoring SHPB\r\nmonitoring SHP ', '2024-01-18 06:40:56', '2024-01-18 06:40:56', '0000-00-00 00:00:00'),
(258, 39, '2024-01-16', 'Pengawasan dan Pemeriksaan HPG', '2024-01-18 06:41:36', '2024-01-18 06:41:36', '0000-00-00 00:00:00'),
(259, 40, '2024-01-11', 'apel\r\nmengikuti pelatihan SHPBG SPG', '2024-01-18 06:42:45', '2024-01-18 06:42:45', '0000-00-00 00:00:00'),
(260, 39, '2024-01-12', 'Mempersiapkan sarana Senam dan Tenis Meja\r\nMempersiapkan Dekorasi PST', '2024-01-18 06:43:56', '2024-01-18 06:43:56', '0000-00-00 00:00:00'),
(261, 39, '2024-01-11', 'Mengikuti Apel Sapa Pagi\r\n', '2024-01-18 06:44:29', '2024-01-18 06:44:29', '0000-00-00 00:00:00'),
(262, 40, '2024-01-18', 'apel \r\nalokasi pengawasan \r\nrevisi POK \r\nmonitoring survei HKD monitoring survei HD monitoring survei HP\r\nentri SHPJ', '2024-01-18 06:47:06', '2024-01-18 06:47:06', '0000-00-00 00:00:00'),
(264, 21, '2024-01-03', 'Mengikuti sapa pagi', '2024-01-18 06:47:48', '2024-01-18 06:47:48', '0000-00-00 00:00:00'),
(265, 21, '2024-01-04', 'Mengikuti sapa pagi', '2024-01-18 06:48:20', '2024-01-18 06:48:20', '0000-00-00 00:00:00'),
(266, 21, '2024-01-08', 'Mengikuti apel pagi', '2024-01-18 06:50:40', '2024-01-18 06:50:40', '0000-00-00 00:00:00'),
(267, 21, '2024-01-09', 'Mengikuti sapa pagi', '2024-01-18 06:51:11', '2024-01-18 06:51:11', '0000-00-00 00:00:00'),
(271, 21, '2024-01-11', 'Mengikuti pelatihan  HPBG dan HPG', '2024-01-18 06:56:44', '2024-01-18 06:56:44', '0000-00-00 00:00:00'),
(272, 21, '2024-01-12', 'Pelatihan SHP pedesaan', '2024-01-18 06:57:21', '2024-01-18 06:57:21', '0000-00-00 00:00:00'),
(273, 21, '2024-01-15', 'Mengikuti apel pagi di lanjutkan pengawasan HD.1 HD 2', '2024-01-18 06:58:34', '2024-01-18 06:58:34', '0000-00-00 00:00:00'),
(275, 21, '2024-01-17', 'Mengikuti sapa pagi dilanjutkan pemeriksaan HD.1 HD.2', '2024-01-18 07:01:55', '2024-01-18 07:01:55', '0000-00-00 00:00:00'),
(276, 21, '2024-01-16', 'Mengikuti sapa pagi di lanjutkan pemeriksaan HPBG', '2024-01-18 07:07:05', '2024-01-18 07:07:05', '0000-00-00 00:00:00'),
(277, 21, '2024-01-10', 'Mengikuti sapa pagi di lanjutkan pengawasan HPBG', '2024-01-18 07:08:29', '2024-01-18 07:08:29', '0000-00-00 00:00:00'),
(278, 21, '2024-01-05', 'Mengikuti olah raga', '2024-01-18 07:11:40', '2024-01-18 07:11:40', '0000-00-00 00:00:00'),
(279, 21, '2024-01-02', 'Mengikuti sapa pagi dilanjut pemeriksaan SP palawija dan hortikultura', '2024-01-18 07:15:05', '2024-01-18 07:15:05', '0000-00-00 00:00:00'),
(280, 21, '2024-01-18', 'Mengikuti sapa pagi dilanjut alokasi dokumen susenas untuk pelatihan', '2024-01-18 07:19:03', '2024-01-18 07:19:03', '0000-00-00 00:00:00'),
(281, 30, '2024-01-18', 'Membuat Surat Pengantar Updating Data Pariwisata', '2024-01-18 07:34:36', '2024-01-18 07:34:36', '0000-00-00 00:00:00'),
(282, 7, '2024-01-18', '1. Membuat Surat Permintaan Data Demak Dalam Angka ke OPD\r\n2. Upload Berita dan Infografis di Backend Website\r\n3. Menyiapkan Permintaan Tabel DDA', '2024-01-18 07:51:45', '2024-01-18 07:51:45', '0000-00-00 00:00:00'),
(283, 32, '2024-01-18', 'Mengikuti apel /  Sapa pagi', '2024-01-18 08:05:14', '2024-01-18 08:05:14', '0000-00-00 00:00:00'),
(284, 32, '2024-01-18', 'Entry data hasilpengumpulan survei HKD Dan HD', '2024-01-18 08:06:04', '2024-01-18 08:06:04', '0000-00-00 00:00:00'),
(285, 14, '2024-01-18', 'alokasi dokumen Susenas', '2024-01-18 08:36:17', '2024-01-18 08:36:17', '0000-00-00 00:00:00'),
(286, 14, '2024-01-18', 'Pengawasan SHP', '2024-01-18 08:36:40', '2024-01-18 08:36:40', '0000-00-00 00:00:00'),
(287, 21, '2024-01-19', 'Mengikuti olah raga', '2024-01-19 00:40:20', '2024-01-19 00:40:20', '0000-00-00 00:00:00'),
(288, 30, '2024-01-19', 'Mengajukan surat tugas updating direktori pariwisata', '2024-01-19 00:57:35', '2024-01-19 00:57:35', '0000-00-00 00:00:00'),
(289, 30, '2024-01-19', 'Membuat laporan kegiatan', '2024-01-19 00:57:51', '2024-01-19 00:57:51', '0000-00-00 00:00:00'),
(290, 41, '2024-01-02', 'Apel  Masuk Awal Tahun Baru 2024', '2024-01-19 02:09:07', '2024-01-19 02:09:07', '0000-00-00 00:00:00'),
(291, 41, '2024-01-03', 'Apel Pagi', '2024-01-19 02:10:59', '2024-01-19 02:10:59', '0000-00-00 00:00:00'),
(292, 41, '2024-01-04', 'Apel Pagi', '2024-01-19 02:11:16', '2024-01-19 02:11:16', '0000-00-00 00:00:00'),
(293, 41, '2024-01-04', 'Pemeriksaan Laporan Padi Palawija Bulanan', '2024-01-19 02:12:05', '2024-01-19 02:12:05', '0000-00-00 00:00:00'),
(294, 41, '2024-01-05', 'mempersiapkan sarana senam', '2024-01-19 02:12:33', '2024-01-19 02:12:33', '0000-00-00 00:00:00'),
(295, 41, '2024-01-08', 'Apel Senin Pagi', '2024-01-19 02:12:52', '2024-01-19 02:12:52', '0000-00-00 00:00:00'),
(296, 41, '2024-01-09', 'Apel Pagi', '2024-01-19 02:13:14', '2024-01-19 02:13:14', '0000-00-00 00:00:00'),
(297, 41, '2024-01-10', 'Apel Pagi', '2024-01-19 02:13:55', '2024-01-19 02:13:55', '0000-00-00 00:00:00'),
(298, 41, '2024-01-11', 'Apel Pagi', '2024-01-19 02:14:09', '2024-01-19 02:14:09', '0000-00-00 00:00:00'),
(299, 40, '2024-01-19', 'Olah raga jalan sehat di Stadion Sultan Fatah\r\nTenis Meja\r\nRevisi POK\r\nAlokasi pekerjaan\r\nMonitoring SHP\r\nMonitoring SHKK\r\nKippap\r\n', '2024-01-19 02:14:28', '2024-01-19 02:14:28', '0000-00-00 00:00:00'),
(300, 41, '2024-01-15', 'Cuti', '2024-01-19 02:15:01', '2024-01-19 02:15:01', '0000-00-00 00:00:00'),
(301, 41, '2024-01-16', 'Apel Pagi', '2024-01-19 02:15:49', '2024-01-19 02:15:49', '0000-00-00 00:00:00'),
(302, 41, '2024-01-18', 'Apel Pagi', '2024-01-19 02:16:02', '2024-01-19 02:16:02', '0000-00-00 00:00:00'),
(303, 41, '2024-01-19', 'senam', '2024-01-19 02:16:10', '2024-01-19 02:16:10', '0000-00-00 00:00:00'),
(304, 41, '2024-01-22', 'Apel Senin Pagi', '2024-01-19 02:16:26', '2024-01-19 02:16:26', '0000-00-00 00:00:00'),
(305, 41, '2024-01-23', 'Apel pagi', '2024-01-19 02:16:49', '2024-01-19 02:16:49', '0000-00-00 00:00:00'),
(306, 41, '2024-01-24', 'Apel Pagi', '2024-01-19 02:17:02', '2024-01-19 02:17:02', '0000-00-00 00:00:00'),
(307, 41, '2024-01-25', 'Apel Pagi', '2024-01-19 02:17:22', '2024-01-19 02:17:22', '0000-00-00 00:00:00'),
(312, 22, '2024-01-15', 'Melaksanakan Pelatihan secara Online Kegiatan Survei Sosial Ekonomi Nasional (Susenas)', '2024-01-19 06:22:21', '2024-01-19 06:22:21', '0000-00-00 00:00:00'),
(313, 22, '2024-01-16', 'Melaksanakan Pelatihan secara Online Kegiatan Survei Sosial Ekonomi Nasional (Susenas)', '2024-01-19 06:22:28', '2024-01-19 06:22:28', '0000-00-00 00:00:00'),
(314, 22, '2024-01-17', 'Melaksanakan Pelatihan secara Online Kegiatan Survei Sosial Ekonomi Nasional (Susenas)', '2024-01-19 06:22:33', '2024-01-19 06:22:33', '0000-00-00 00:00:00'),
(315, 22, '2024-01-18', 'Membuat Alokasi Petugas Kegiatan Survei Sosial Ekonomi Nasional (Susenas)\r\nMembuat KAK Kegiatan Survei Sosial Ekonomi Nasional (Susenas)', '2024-01-19 06:25:43', '2024-01-19 06:25:43', '0000-00-00 00:00:00'),
(316, 22, '2024-01-19', 'Membuat Alokasi Petugas Kegiatan Survei Sosial Ekonomi Nasional (Susenas) \r\nMenyiapkan Infografis untuk Website Kegiatan Data dan Penghitungan Tingkat Kemiskinan', '2024-01-19 06:27:06', '2024-01-19 06:27:06', '0000-00-00 00:00:00'),
(317, 1, '2024-01-19', 'Coding Aplikasi PST\r\n', '2024-01-19 06:36:25', '2024-01-19 06:36:25', '0000-00-00 00:00:00'),
(318, 1, '2024-01-19', 'Olah Data ST2023 untuk perbaikan tahap 2\r\n', '2024-01-19 06:36:40', '2024-01-19 06:36:40', '0000-00-00 00:00:00'),
(319, 10, '2024-01-02', 'Apel pagi dan evaluasi 2023', '2024-01-19 06:44:02', '2024-01-19 06:44:02', '0000-00-00 00:00:00'),
(320, 9, '2024-01-19', 'Mengikuti zoommeeting PDRB LU Triwulanan', '2024-01-19 06:44:51', '2024-01-19 06:44:51', '0000-00-00 00:00:00'),
(321, 10, '2024-01-02', 'Pembuatan Laporan Bulanan Kippap', '2024-01-19 06:45:03', '2024-01-19 06:45:03', '0000-00-00 00:00:00'),
(322, 9, '2024-01-19', 'Olahraga pagi', '2024-01-19 06:45:09', '2024-01-19 06:45:09', '0000-00-00 00:00:00'),
(326, 10, '2024-01-02', 'Penilaian SKP Bulanan Kipapp', '2024-01-19 07:11:13', '2024-01-19 07:11:13', '0000-00-00 00:00:00'),
(328, 10, '2024-01-02', 'Mengikuti Rilis data Strategis BPS', '2024-01-19 07:12:40', '2024-01-19 07:12:40', '0000-00-00 00:00:00'),
(329, 10, '2024-01-02', 'Menandatangani surat menyurat', '2024-01-19 07:13:01', '2024-01-19 07:13:01', '0000-00-00 00:00:00'),
(331, 10, '2024-01-02', 'Memeriksa email dan medsos\r\n', '2024-01-19 07:13:48', '2024-01-19 07:13:48', '0000-00-00 00:00:00'),
(332, 10, '2024-01-03', 'Apel pagi', '2024-01-19 07:14:04', '2024-01-19 07:14:04', '0000-00-00 00:00:00'),
(333, 10, '2024-01-03', 'Rapat  Tim Pilar Manajemen Perubahan\r\n', '2024-01-19 07:15:48', '2024-01-19 07:15:48', '0000-00-00 00:00:00'),
(334, 10, '2024-01-03', 'Pembuatan Kipapp', '2024-01-19 07:16:47', '2024-01-19 07:16:47', '0000-00-00 00:00:00'),
(336, 10, '2024-01-03', 'Penilaian SKP Bulanan Kipapp', '2024-01-19 07:17:25', '2024-01-19 07:17:25', '0000-00-00 00:00:00'),
(337, 10, '2024-01-03', 'Disposisi surat masuk\r\n', '2024-01-19 07:17:56', '2024-01-19 07:17:56', '0000-00-00 00:00:00'),
(338, 10, '2024-01-04', 'Apel Pagi\r\n', '2024-01-19 07:19:23', '2024-01-19 07:19:23', '0000-00-00 00:00:00'),
(343, 10, '2024-01-04', 'Pembuatan SKP bulan Desember 2023', '2024-01-19 07:22:35', '2024-01-19 07:22:35', '0000-00-00 00:00:00'),
(344, 10, '2024-01-04', 'Penilaian SKP Desember 2023', '2024-01-19 07:22:49', '2024-01-19 07:22:49', '0000-00-00 00:00:00'),
(345, 10, '2024-01-04', 'Menerima tamu dari Tim Penyedia Jasa Satpam dan Kebersihan', '2024-01-19 07:23:20', '2024-01-19 07:23:20', '0000-00-00 00:00:00'),
(346, 10, '2024-01-04', 'Rapat Ketua Tim terkait Rencana Paparan Kemiskinan Jumat 5 Januari 2024', '2024-01-19 07:23:39', '2024-01-19 07:23:39', '0000-00-00 00:00:00'),
(347, 10, '2024-01-04', 'Pemeriksaan surat dan penandatanganan', '2024-01-19 07:24:34', '2024-01-19 07:24:34', '0000-00-00 00:00:00'),
(348, 10, '2024-01-05', 'Pembinaan olah raga', '2024-01-19 07:25:23', '2024-01-19 07:25:23', '0000-00-00 00:00:00'),
(349, 10, '2024-01-05', 'Pembuatan SKP Desember 2023', '2024-01-19 07:25:55', '2024-01-19 07:25:55', '0000-00-00 00:00:00'),
(350, 20, '2024-01-18', 'Pembinaan pegawai bersama pimpinan , menerima surat masuk 4 surat ,serta mendistribusikan surat masuk seuai disposisi jam 07,30 sampai jam 16.00', '2024-01-19 07:30:45', '2024-01-19 07:30:45', '0000-00-00 00:00:00'),
(351, 20, '2024-01-19', 'Menerima surat masuk dan mendistribusi surat masuk sesuai disposisi kepala  4 surat  masuk, mengantar kalender dinding ke kantor instansi', '2024-01-19 07:32:42', '2024-01-19 07:32:42', '0000-00-00 00:00:00'),
(352, 9, '2024-01-22', 'Mengikuti zoommeeting Pelatihan Susenas  dan Seruti Maret 2024', '2024-01-22 02:55:27', '2024-01-22 02:55:27', '0000-00-00 00:00:00'),
(353, 21, '2024-01-22', 'Pelatihan Susenas online', '2024-01-22 03:06:13', '2024-01-22 03:06:13', '0000-00-00 00:00:00'),
(354, 40, '2024-01-22', 'menyiapkan  data IPH mendownload bahan ajar Susenas\r\nmeengakses web SKS\r\nmemeriksa survei harga produsen\r\nmemeriksa survei harga kemahalan konstruksi\r\nprint persetujuan cuti\r\nvalidasi survei harga produsen gabah\r\n', '2024-01-22 07:46:59', '2024-01-22 07:46:59', '0000-00-00 00:00:00'),
(355, 30, '2024-01-22', 'Mengikuti pelatihan Susenas Maret 2024', '2024-01-22 07:51:17', '2024-01-22 07:51:17', '0000-00-00 00:00:00'),
(356, 26, '2024-01-18', 'Pengawasan pendataan lapangan kegiatan survei harga produsen (SHP)', '2024-01-22 07:58:44', '2024-01-22 07:58:44', '0000-00-00 00:00:00'),
(357, 26, '2024-01-22', 'Mengikuti Pelatihan Susenas Secara online (ZOOM)', '2024-01-22 08:02:08', '2024-01-22 08:02:08', '0000-00-00 00:00:00'),
(358, 26, '2024-01-19', 'Melakukan Pendataan lapangan kegiatan neraca produksi (SKIP)', '2024-01-22 08:05:55', '2024-01-22 08:05:55', '0000-00-00 00:00:00'),
(359, 26, '2024-01-16', 'Melakukan pendataan lapangan kegiatan neraca produksi (SKIP)', '2024-01-22 08:06:47', '2024-01-22 08:06:47', '0000-00-00 00:00:00'),
(360, 26, '2024-01-08', 'Melakukan pendataan lapangan kegiatan neraca produksi (Snapshot kantor Pos)', '2024-01-22 08:08:08', '2024-01-22 08:08:08', '0000-00-00 00:00:00'),
(361, 9, '2024-01-22', 'Mengikuti zoommeeting Maspraz', '2024-01-22 08:16:44', '2024-01-22 08:16:44', '0000-00-00 00:00:00'),
(362, 32, '2024-01-19', 'entry data hasil pengumpulan survei SHP-G', '2024-01-22 08:38:15', '2024-01-22 08:38:15', '0000-00-00 00:00:00'),
(363, 32, '2024-01-19', 'Entri data hasil pengumpulan survei  SHPED (HD)', '2024-01-22 08:39:01', '2024-01-22 08:39:01', '0000-00-00 00:00:00'),
(364, 32, '2024-01-22', 'Mengikuti pelatihan SUSENAS  online sebagai PML', '2024-01-22 08:39:29', '2024-01-22 08:39:29', '0000-00-00 00:00:00'),
(365, 30, '2024-01-23', 'Mengikuti pelatihan Susenas Maret 2024', '2024-01-23 00:33:10', '2024-01-23 00:33:10', '0000-00-00 00:00:00'),
(367, 21, '2024-01-23', 'Pelatihan Susenas online', '2024-01-23 01:01:41', '2024-01-23 01:01:41', '0000-00-00 00:00:00'),
(368, 9, '2024-01-23', 'Mengikuti pelatihan SUSENAS secara online', '2024-01-23 01:19:31', '2024-01-23 01:19:31', '0000-00-00 00:00:00'),
(369, 26, '2024-01-23', 'Mengikuti pelatihan Petugas Susenas Secara online (Zoom)', '2024-01-23 01:55:24', '2024-01-23 01:55:24', '0000-00-00 00:00:00'),
(370, 36, '2024-01-15', 'Rapat Ketua Tim dalam rangka pembahasan capaian kinerja triwulan IV 2023', '2024-01-23 02:07:04', '2024-01-23 02:07:04', '0000-00-00 00:00:00'),
(371, 36, '2024-01-16', 'Mengikuti apel SAPA PAGI/Pembinaan Pegawai', '2024-01-23 02:07:55', '2024-01-23 02:07:55', '0000-00-00 00:00:00'),
(372, 36, '2024-01-23', 'Rapat Ketua Tim dalam rangka pembahasan penetapan kinerja tahun 2024', '2024-01-23 02:08:33', '2024-01-23 02:08:33', '0000-00-00 00:00:00'),
(374, 36, '2024-01-15', 'Monitoring dan upload dokumen hasil pencacahan survei TPI triwulan 4 tahun 2024', '2024-01-23 02:16:32', '2024-01-23 02:16:32', '0000-00-00 00:00:00'),
(375, 36, '2024-01-12', 'Validasi pengolahan/entri data survei TPI triwulan IV tahun 2024 di aplikasi SIM IKAN', '2024-01-23 02:17:09', '2024-01-23 02:17:09', '0000-00-00 00:00:00'),
(376, 36, '2024-01-16', 'Upload Laporan Kegiatan Statistik Pertanian tahun 2023 sebagai bukti dukung FRA CKT triwulan IV tahun 2024', '2024-01-23 02:20:53', '2024-01-23 02:20:53', '0000-00-00 00:00:00'),
(377, 36, '2024-01-18', 'Monitoring pengolahan/entri SP Lahan, SP Benih dan SP Alsintan', '2024-01-23 02:23:35', '2024-01-23 02:23:35', '0000-00-00 00:00:00'),
(378, 36, '2024-01-18', 'Mengikuti apel SAPA PAGI/pembinaan pegawai', '2024-01-23 02:24:18', '2024-01-23 02:24:18', '0000-00-00 00:00:00'),
(379, 36, '2024-01-18', 'Membuat SPJ translok, KAK dan Laporan Rapat Persiapan Survei Ubinan 2024', '2024-01-23 02:25:45', '2024-01-23 02:25:45', '0000-00-00 00:00:00'),
(380, 36, '2024-01-19', 'Jumat sehat olahraga pagi/Pembinaan pegawai', '2024-01-23 02:26:18', '2024-01-23 02:26:18', '0000-00-00 00:00:00');
INSERT INTO `laporan` (`id`, `user_id`, `tanggal`, `pekerjaan`, `created_at`, `updated_at`, `deleted_at`) VALUES
(381, 36, '2024-01-19', 'Perbaikan anomali ST2023 pada tabel treatment ST2023 dalam rangka persiapan rilis ST2023 tahap II bulan Mei 2024', '2024-01-23 02:27:17', '2024-01-23 02:27:17', '0000-00-00 00:00:00'),
(382, 36, '2024-01-22', 'Alokasi sampel dan petugas ubinan padi SR 1 tahun 2024 Jan-Feb pada aplikasi FASIH sebagai admin.', '2024-01-23 02:28:57', '2024-01-23 02:28:57', '0000-00-00 00:00:00'),
(383, 36, '2024-01-22', 'Mengikuti pelatihan petugas Susenas sebagai PML di hari I ', '2024-01-23 02:29:40', '2024-01-23 02:29:40', '0000-00-00 00:00:00'),
(384, 36, '2024-01-22', 'Realokasi petugas KSA Jagung tahun 2024', '2024-01-23 02:30:23', '2024-01-23 02:30:23', '0000-00-00 00:00:00'),
(385, 36, '2024-01-23', 'Mengikuti pelatihan petugas Susenas sebagai PML di hari II', '2024-01-23 02:30:53', '2024-01-23 02:30:53', '0000-00-00 00:00:00'),
(386, 32, '2024-01-23', 'mengikuti pelatihan SUSENAS online ', '2024-01-23 06:44:28', '2024-01-23 06:44:28', '0000-00-00 00:00:00'),
(387, 25, '2024-01-23', 'Mengikuti internalisasi pembinaan statistik sektoral', '2024-01-23 06:44:50', '2024-01-23 06:44:50', '0000-00-00 00:00:00'),
(388, 9, '2024-01-23', 'Belajar mandiri buku pedoman Susenas Maret 2024 ', '2024-01-23 07:12:38', '2024-01-23 07:12:38', '0000-00-00 00:00:00'),
(389, 36, '2024-01-23', 'Approval ubinan padi SR1 2024 sebanyak 5 plot di Kec. Karanganyar', '2024-01-23 08:39:27', '2024-01-23 08:39:27', '0000-00-00 00:00:00'),
(391, 21, '2024-01-24', 'Pelatihan Susenas online', '2024-01-24 00:58:24', '2024-01-24 00:58:24', '0000-00-00 00:00:00'),
(392, 40, '2024-01-23', 'membaca bahan ajar Susenas memeriksa survei harga kemahalan konstruksi validasi survei harga perdagangan besar menmbuat surat survei bill of Quantity monitoring survei harga produsen monitoring survei harga kemahalan konstruksi\r\nmengikuti pembahasan matrik peran hasil lewat yuotub', '2024-01-24 01:21:07', '2024-01-24 01:21:07', '0000-00-00 00:00:00'),
(393, 23, '2024-01-19', 'cuti tahunan', '2024-01-24 01:24:10', '2024-01-24 01:24:10', '0000-00-00 00:00:00'),
(394, 23, '2024-01-22', 'membuat pembukuan pajak di SAKTI', '2024-01-24 01:25:03', '2024-01-24 01:25:03', '0000-00-00 00:00:00'),
(395, 23, '2024-01-23', 'transfer belanja pengadaan pelatihan sakernas susenas, menyiapkan SPJ pelatihan Sakernas', '2024-01-24 01:45:10', '2024-01-24 01:45:10', '0000-00-00 00:00:00'),
(396, 23, '2024-01-24', 'menjadi panitia pelatihan sakernas', '2024-01-24 01:45:29', '2024-01-24 01:45:29', '0000-00-00 00:00:00'),
(397, 9, '2024-01-24', 'Mengikuti pelatihan susenas Maret melalui zoomeeting', '2024-01-24 02:55:29', '2024-01-24 02:55:29', '0000-00-00 00:00:00'),
(398, 40, '2024-01-24', 'validasi SHPED\r\nvalidasi SHP\r\nmemeriksa SHP suplemen\r\nmemeriksa SHP\r\nmemeriksa SHKK\r\nmemberikan pengarahan mahasiswa magang\r\nmengikuti upacara penandatangangan Pakta Integritas\r\nmenyiapkan survei BoQ\r\nmonitoring SHP\r\nmonitoring SHP Suplemen\r\nmonitoring SHKK', '2024-01-24 07:45:35', '2024-01-24 07:45:35', '0000-00-00 00:00:00'),
(399, 9, '2024-01-24', 'Mengikuti penandatanganan Pakta Integritas', '2024-01-24 08:09:52', '2024-01-24 08:09:52', '0000-00-00 00:00:00'),
(400, 32, '2024-01-24', 'Mengikuti pelatihan SUSENAS online', '2024-01-24 08:32:06', '2024-01-24 08:32:06', '0000-00-00 00:00:00'),
(401, 32, '2024-01-24', 'Penandatanganan Pakta integritas', '2024-01-24 08:32:47', '2024-01-24 08:32:47', '0000-00-00 00:00:00'),
(402, 32, '2024-01-25', 'Entri data hasil  pengumpulan survei  Harga Kemahalan Kontruksi (SHKK)', '2024-01-25 01:50:01', '2024-01-25 01:50:01', '0000-00-00 00:00:00'),
(403, 26, '2024-01-25', 'Pengawasan KSA', '2024-01-25 01:54:56', '2024-01-25 01:54:56', '0000-00-00 00:00:00'),
(404, 26, '2024-01-24', 'Mengikuti pelatihan Susenas Secara online (zoom)', '2024-01-25 01:55:41', '2024-01-25 01:55:41', '0000-00-00 00:00:00'),
(407, 9, '2024-01-25', 'Entri data SKIP triwulanan IV', '2024-01-25 01:57:15', '2024-01-25 01:57:15', '0000-00-00 00:00:00'),
(408, 26, '2024-01-24', 'Penandatanganan Pakta Integritas', '2024-01-25 01:57:24', '2024-01-25 01:57:24', '0000-00-00 00:00:00'),
(409, 10, '2024-01-05', 'Pematangan materi paparan kemiskinan yang ditunda hari Senin, 8 Jan 24', '2024-01-25 01:58:38', '2024-01-25 01:58:38', '0000-00-00 00:00:00'),
(410, 20, '2024-01-22', ' menerima surat masuk dan mendistribusikan surat sesuai disposisi dari kepala , pelatihan susenas secara online  mulai jam 08.00 sampai jam 16.00', '2024-01-25 01:58:57', '2024-01-25 01:58:57', '0000-00-00 00:00:00'),
(411, 10, '2024-01-05', 'Penandatangan surat menyurat', '2024-01-25 01:59:43', '2024-01-25 01:59:43', '0000-00-00 00:00:00'),
(412, 33, '2024-01-16', 'Pembinaan (sapa pagi);\r\nMelengkapi syarat-syarat pencairan transport pelatihan SHPBG dan SHP;\r\nBerkoordinasi dengan tim produksi mengenai sampel SHP dan mengingatkan Pak Pri untuk approve SHPBG\r\n', '2024-01-25 01:59:51', '2024-01-25 01:59:51', '0000-00-00 00:00:00'),
(413, 10, '2024-01-05', 'Mendisposisi surat', '2024-01-25 02:00:02', '2024-01-25 02:00:02', '0000-00-00 00:00:00'),
(414, 10, '2024-01-08', 'Pembinaan melalui apel pagi', '2024-01-25 02:00:40', '2024-01-25 02:00:40', '0000-00-00 00:00:00'),
(415, 10, '2024-01-08', 'Persiapan Paparan Kemiskinan', '2024-01-25 02:01:01', '2024-01-25 02:01:01', '0000-00-00 00:00:00'),
(416, 28, '2024-01-02', 'Menyusun Kipapp bulan Desember 2023', '2024-01-25 02:01:16', '2024-01-25 02:01:16', '0000-00-00 00:00:00'),
(417, 10, '2024-01-08', 'Paparan Kemiskinan di Bapelitbangda', '2024-01-25 02:01:25', '2024-01-25 02:01:25', '0000-00-00 00:00:00'),
(418, 20, '2024-01-23', 'menerima surat masuk dan mendistribusikan surat sesuai disposisi dari kepala, pelatihan susenas secara online  mulai jam 08.00 sampai jam 16.00  ', '2024-01-25 02:01:34', '2024-01-25 02:01:34', '0000-00-00 00:00:00'),
(419, 10, '2024-01-08', 'Mendisposisi surat masuk', '2024-01-25 02:01:47', '2024-01-25 02:01:47', '0000-00-00 00:00:00'),
(421, 10, '2024-01-08', 'Menilai SKP Bulanan dan Tahunan', '2024-01-25 02:02:33', '2024-01-25 02:02:33', '0000-00-00 00:00:00'),
(422, 10, '2024-01-02', 'Menilai SKP Tahunan', '2024-01-25 02:03:02', '2024-01-25 02:03:02', '0000-00-00 00:00:00'),
(423, 28, '2024-01-03', 'Membuat cover Laporan Kegiatan Produksi 1  : 5 cover ', '2024-01-25 02:03:51', '2024-01-25 02:03:51', '0000-00-00 00:00:00'),
(424, 28, '2024-01-03', 'Rapat tim Manajemen Perubahan', '2024-01-25 02:04:10', '2024-01-25 02:04:10', '0000-00-00 00:00:00'),
(425, 10, '2024-01-08', 'Menandatangani surat keluar', '2024-01-25 02:04:13', '2024-01-25 02:04:13', '0000-00-00 00:00:00'),
(426, 20, '2024-01-24', 'menerima surat masuk  dan mendistribusi surat sesuai  disposisi dari kepala, mengikuti pelatihan susenas secara online, pakta integritas pegawai mulai jam 08.00 sampai jam 16.00 ', '2024-01-25 02:04:21', '2024-01-25 02:04:21', '0000-00-00 00:00:00'),
(427, 28, '2024-01-04', 'Menyusun bukti dukung Pemimpin sebagai Role Model', '2024-01-25 02:04:42', '2024-01-25 02:04:42', '0000-00-00 00:00:00'),
(428, 28, '2024-01-05', 'Membuat Laporan Pemimpin sebagai Role Model', '2024-01-25 02:05:05', '2024-01-25 02:05:05', '0000-00-00 00:00:00'),
(429, 33, '2024-01-17', 'Mengikuti sapa pagi;\r\nMengikuti Rapat Kegiatan Statistik Distribusi lewat zoom dari jam 08.00 sd 16.00', '2024-01-25 02:05:06', '2024-01-25 02:05:06', '0000-00-00 00:00:00'),
(430, 28, '2024-01-08', 'Menyusun Kipapp Tahunan 2023', '2024-01-25 02:05:35', '2024-01-25 02:05:35', '0000-00-00 00:00:00'),
(431, 28, '2024-01-08', 'Membuat notulen refreshing petugas KSA dan Ubinan', '2024-01-25 02:06:07', '2024-01-25 02:06:07', '0000-00-00 00:00:00'),
(432, 26, '2024-01-25', 'Pemeriksaan SHKK', '2024-01-25 02:06:18', '2024-01-25 02:06:18', '0000-00-00 00:00:00'),
(433, 26, '2024-01-25', 'Pemeriksaan SHP Suplemen dan bulan Januari 24', '2024-01-25 02:06:41', '2024-01-25 02:06:41', '0000-00-00 00:00:00'),
(434, 28, '2024-01-09', 'Melakukan entri dokumen BST Hortikultura', '2024-01-25 02:06:44', '2024-01-25 02:06:44', '0000-00-00 00:00:00'),
(435, 28, '2024-01-09', 'Melakukan entri dokumen TPI', '2024-01-25 02:07:00', '2024-01-25 02:07:00', '0000-00-00 00:00:00'),
(436, 28, '2024-01-10', 'Mengikuti Sharing Session Kinerja Administrasi dengan episode Mencapai Nilai IKPA Maksimal lewat youtube yang diselenggarakan oleh BPS DKI Jakarta', '2024-01-25 02:09:13', '2024-01-25 02:09:13', '0000-00-00 00:00:00'),
(437, 28, '2024-01-10', 'Menyusun bukti dukung RB', '2024-01-25 02:09:35', '2024-01-25 02:09:35', '0000-00-00 00:00:00'),
(438, 33, '2024-01-18', 'Mengikuti sapa pagi;\r\nMenginventarisir kegiatan statistik harga;\r\nMembaca POK dan membuat revisi pertama statistik harga;\r\nMelakukan konfirmasi sampel shp dengan tim provinsi', '2024-01-25 02:10:04', '2024-01-25 02:10:04', '0000-00-00 00:00:00'),
(439, 33, '2024-01-19', 'Mengikuti jum\'at sehat;\r\nBelajar excel dari youtube', '2024-01-25 02:10:42', '2024-01-25 02:10:42', '0000-00-00 00:00:00'),
(440, 28, '2024-01-11', 'Mengikuti rapat persiapan Survei Ubinan Tahun 2024', '2024-01-25 02:11:31', '2024-01-25 02:11:31', '0000-00-00 00:00:00'),
(441, 33, '2024-01-22', 'Persiapan pelatihan susenas secara online;\r\nPelatihan online susenas;\r\nMemeriksa dokumen SHKK dan konfirmasi sampel SHP', '2024-01-25 02:11:49', '2024-01-25 02:11:49', '0000-00-00 00:00:00'),
(442, 33, '2024-01-23', 'Persiapan pelatihan susenas secara online;\r\nPelatihan online susenas', '2024-01-25 02:11:59', '2024-01-25 02:11:59', '0000-00-00 00:00:00'),
(443, 33, '2024-01-24', 'Persiapan pelatihan susenas secara online;\r\nPelatihan online susenas;', '2024-01-25 02:12:04', '2024-01-25 02:12:04', '0000-00-00 00:00:00'),
(444, 33, '2024-01-25', 'Melakukan konfirmasi harga SHPB;\r\nMemeriksa dokumen SHKK (melihat perubahan harga ekstrim);\r\nMerapikan dokumen survei-survei distribusi (1 map 1 survei)', '2024-01-25 02:13:22', '2024-01-25 02:13:22', '0000-00-00 00:00:00'),
(445, 28, '2024-01-12', 'Scan dokumen TPI', '2024-01-25 02:16:35', '2024-01-25 02:16:35', '0000-00-00 00:00:00'),
(446, 28, '2024-01-12', 'Menyusun bukti dukung RB, daftar hadir kepala', '2024-01-25 02:17:03', '2024-01-25 02:17:03', '0000-00-00 00:00:00'),
(447, 28, '2024-01-15', 'Mengikuti youtube Bincang-bincang AGRO ST2023', '2024-01-25 02:18:41', '2024-01-25 02:18:41', '0000-00-00 00:00:00'),
(448, 28, '2024-01-16', 'Membuat infografis Statistik Hortikultura', '2024-01-25 02:19:16', '2024-01-25 02:19:16', '0000-00-00 00:00:00'),
(449, 28, '2024-01-17', 'Mengeprint Surat Tugas Pencacahan, Pengawasan KSA dan Ubinan', '2024-01-25 02:21:26', '2024-01-25 02:21:26', '0000-00-00 00:00:00'),
(451, 14, '2024-01-25', 'Pengawasan KSA jagung ', '2024-01-25 02:37:49', '2024-01-25 02:37:49', '0000-00-00 00:00:00'),
(452, 14, '2024-01-24', 'Pelatihan susenas', '2024-01-25 02:38:10', '2024-01-25 02:38:10', '0000-00-00 00:00:00'),
(453, 14, '2024-01-23', 'Pelatihan susenas', '2024-01-25 02:38:24', '2024-01-25 02:38:24', '0000-00-00 00:00:00'),
(454, 14, '2024-01-22', 'Pelatihan susenas', '2024-01-25 02:38:39', '2024-01-25 02:38:39', '0000-00-00 00:00:00'),
(455, 10, '2024-01-08', 'Rapat Pengadaan Baju Seragam dengan Tim Pengadaan', '2024-01-25 03:00:56', '2024-01-25 03:00:56', '0000-00-00 00:00:00'),
(456, 36, '2024-01-24', 'Mengikuti pelatihan petugas Susenas sebagai PML di hari III', '2024-01-25 03:05:51', '2024-01-25 03:05:51', '0000-00-00 00:00:00'),
(457, 36, '2024-01-24', 'Pengawasan/supervisi survei ubinan padi SR 1 2024 di Desa Banjarsari Kecamatan Gajah', '2024-01-25 03:06:41', '2024-01-25 03:06:41', '0000-00-00 00:00:00'),
(458, 36, '2024-01-24', 'Download amatan bulan lalu KSA padi dan jagung dari aplikasi dan share ke petugas sebagai pedoman konsistensi amatan  di lapangan', '2024-01-25 03:08:07', '2024-01-25 03:08:07', '0000-00-00 00:00:00'),
(459, 36, '2024-01-25', 'Membuat KAK  Survei Ubinan, KAK KSA, KAK LPTB dan KAK Survei TPI triwulanan tahun 2024', '2024-01-25 03:09:24', '2024-01-25 03:09:24', '0000-00-00 00:00:00'),
(460, 10, '2024-01-09', 'Pembinaan apel pagi', '2024-01-25 03:17:19', '2024-01-25 03:17:19', '0000-00-00 00:00:00'),
(461, 10, '2024-01-09', 'Rapat Ketua Tim membahas Evaluasi 2023 dan Rencana 2024', '2024-01-25 03:19:33', '2024-01-25 03:19:33', '0000-00-00 00:00:00'),
(462, 10, '2024-01-09', 'Menilai Kipapp pegawai', '2024-01-25 03:20:01', '2024-01-25 03:20:01', '0000-00-00 00:00:00'),
(463, 10, '2024-01-09', 'Penataan Ruang PST', '2024-01-25 03:20:18', '2024-01-25 03:20:18', '0000-00-00 00:00:00'),
(466, 10, '2024-01-09', 'Mendisposisi surat', '2024-01-25 03:21:23', '2024-01-25 03:21:23', '0000-00-00 00:00:00'),
(467, 10, '2024-01-09', 'Penandatangan Surat Keluar', '2024-01-25 03:21:43', '2024-01-25 03:21:43', '0000-00-00 00:00:00'),
(468, 10, '2024-01-10', 'Pembinaan Apel pagi', '2024-01-25 03:22:51', '2024-01-25 03:22:51', '0000-00-00 00:00:00'),
(469, 10, '2024-01-10', 'Penilaian Kipapp', '2024-01-25 03:23:11', '2024-01-25 03:23:11', '0000-00-00 00:00:00'),
(470, 10, '2024-01-10', 'Rapat Ketua Tim Membahas POK dan Pengadaan', '2024-01-25 03:23:40', '2024-01-25 03:23:40', '0000-00-00 00:00:00'),
(471, 10, '2024-01-10', 'Penyelesaian administrasi', '2024-01-25 03:23:56', '2024-01-25 03:23:56', '0000-00-00 00:00:00'),
(472, 10, '2024-01-11', 'Perjalanan Dinas ke BPS Provinsi Jateng untuk menghadiri Pelantikan Pejabat Administrasi dan Rapat Kepala BPS Kab/Kota Se Jateng', '2024-01-25 03:24:53', '2024-01-25 03:24:53', '0000-00-00 00:00:00'),
(473, 10, '2024-01-12', 'Pembinaan untuk kebersamaan (Olahraga)', '2024-01-25 03:25:30', '2024-01-25 03:25:30', '0000-00-00 00:00:00'),
(474, 10, '2024-01-12', 'Rapat Ketua Tim menyampaikan Hasil Rapat Kepala BPS Kab/kota pada hari Kamis', '2024-01-25 03:26:29', '2024-01-25 03:26:29', '0000-00-00 00:00:00'),
(475, 10, '2024-01-12', 'Menilai Kipapp pegawai', '2024-01-25 03:26:45', '2024-01-25 03:26:45', '0000-00-00 00:00:00'),
(476, 10, '2024-01-15', 'Pembinaan apel pagi', '2024-01-25 03:27:41', '2024-01-25 03:27:41', '0000-00-00 00:00:00'),
(478, 10, '2024-01-15', 'memeriksa paparan indikator makro yang akan dipaparkan pada rapat konsultasi publik RPJPD', '2024-01-25 03:29:13', '2024-01-25 03:29:13', '0000-00-00 00:00:00'),
(479, 10, '2024-01-15', 'Mengikuti Zoom Meeting Persiapan Publikasi ST2023 tahap kedua melalui kanal youtube', '2024-01-25 03:30:19', '2024-01-25 03:30:19', '0000-00-00 00:00:00'),
(480, 10, '2024-01-15', 'Rapat Ketua Tim Kerja membahas Evaluasi Kinerja triwulan IV Tahun 2023', '2024-01-25 03:30:58', '2024-01-25 03:30:58', '0000-00-00 00:00:00'),
(481, 10, '2024-01-15', 'Penyelesaian administrasi surat menyurat', '2024-01-25 03:31:24', '2024-01-25 03:31:24', '0000-00-00 00:00:00'),
(482, 10, '2024-01-16', 'Pembinaan apel pagi', '2024-01-25 03:31:55', '2024-01-25 03:31:55', '0000-00-00 00:00:00'),
(484, 10, '2024-01-16', 'Rapat Ketua Tim untuk Penetapan Perjanjian Kinerja Tahun 2024', '2024-01-25 03:33:35', '2024-01-25 03:33:35', '0000-00-00 00:00:00'),
(485, 10, '2024-01-16', 'Penandatanganan BAST BMN', '2024-01-25 03:34:04', '2024-01-25 03:34:04', '0000-00-00 00:00:00'),
(487, 28, '2024-01-17', 'Menyusun bukti dukung RB, membuat Laporan Penetapan Agen Perubahan 2024', '2024-01-25 03:59:35', '2024-01-25 03:59:35', '0000-00-00 00:00:00'),
(488, 1, '2024-01-24', 'coding', '2024-01-25 03:59:37', '2024-01-25 03:59:37', '0000-00-00 00:00:00'),
(489, 1, '2024-01-25', 'menyiapkan layout DDA 2024', '2024-01-25 03:59:53', '2024-01-25 03:59:53', '0000-00-00 00:00:00'),
(490, 28, '2024-01-18', 'Menyusun bukti dukung RB, membuat Laporan Penetapan Agen Perubahan 2024', '2024-01-25 04:00:04', '2024-01-25 04:00:04', '0000-00-00 00:00:00'),
(491, 1, '2024-01-23', 'coding aplikasi PST', '2024-01-25 04:00:20', '2024-01-25 04:00:20', '0000-00-00 00:00:00'),
(492, 28, '2024-01-19', 'Melakukan pengecekan Anomali ST2023', '2024-01-25 04:01:20', '2024-01-25 04:01:20', '0000-00-00 00:00:00'),
(493, 28, '2024-01-22', 'Mengikuti pelatihan petugas Susenas  Maret dan Seruti Triwulan I 2024', '2024-01-25 04:03:12', '2024-01-25 04:03:12', '0000-00-00 00:00:00'),
(494, 28, '2024-01-22', 'Menyusun bukti dukung RB, membuat Laporan Penetapan Agen Perubahan 2024', '2024-01-25 04:03:33', '2024-01-25 04:03:33', '0000-00-00 00:00:00'),
(495, 28, '2024-01-23', 'Mengikuti pelatihan petugas Susenas Maret dan Seruti Triwulan I 2024', '2024-01-25 04:03:47', '2024-01-25 04:03:47', '0000-00-00 00:00:00'),
(496, 28, '2024-01-23', 'Menyusun bukti dukung RB, membuat Laporan Penetapan Agen Perubahan 2024', '2024-01-25 04:04:05', '2024-01-25 04:04:05', '0000-00-00 00:00:00'),
(497, 28, '2024-01-24', 'Mengikuti pelatihan petugas Susenas Maret dan Seruti Triwulan I 2024', '2024-01-25 04:04:25', '2024-01-25 04:04:25', '0000-00-00 00:00:00'),
(498, 28, '2024-01-24', 'Mengikuti acara Penandatanganan Pakta Integritas pegawai di lingkungan BPS Kabupaten Demak', '2024-01-25 04:05:36', '2024-01-25 04:05:36', '0000-00-00 00:00:00'),
(499, 28, '2024-01-24', 'Menyusun bukti dukung RB, membuat Laporan Penetapan Agen Perubahan 2024', '2024-01-25 04:05:49', '2024-01-25 04:05:49', '0000-00-00 00:00:00'),
(500, 28, '2024-01-25', 'Mendokumentasikan berita tentang Sensus Pertanian 2023 di Kabupaten Demak', '2024-01-25 04:06:21', '2024-01-25 04:06:21', '0000-00-00 00:00:00'),
(501, 37, '2024-01-19', 'cuti sakit', '2024-01-25 05:59:05', '2024-01-25 05:59:05', '0000-00-00 00:00:00'),
(502, 37, '2024-01-22', 'Memberikan materi pada PJJ SAK Feb 2024', '2024-01-25 05:59:43', '2024-01-25 05:59:43', '0000-00-00 00:00:00'),
(503, 37, '2024-01-23', 'Memberikan materi pada PJJ SAK Feb 2024', '2024-01-25 05:59:52', '2024-01-25 05:59:52', '0000-00-00 00:00:00'),
(504, 37, '2024-01-24', 'Memberikan materi pada Pelatihan SAK Feb 2024, tatap muka di kantor ', '2024-01-25 06:00:37', '2024-01-25 06:00:37', '0000-00-00 00:00:00'),
(505, 37, '2024-01-25', '- Mengecek asigment sampel SAK FEB 2024\r\n- Memastikan selurug petugas sudah mendapat asigment sampel updating via WA/ tlp.\r\n- Mengolah data peripinted file pembantu updating 19 BS\r\n- Menginput kelengkapan administrasi pelatihan melalui BOS\r\n- Mengolah KBLI', '2024-01-25 06:04:17', '2024-01-25 06:04:17', '0000-00-00 00:00:00'),
(506, 10, '2024-01-16', 'Memimpin rapat ketua tim membahas penetapan target PK 2024', '2024-01-25 06:41:20', '2024-01-25 06:41:20', '0000-00-00 00:00:00'),
(507, 10, '2024-01-16', 'Penilaian SKP melalui Kipapp', '2024-01-25 06:41:55', '2024-01-25 06:41:55', '0000-00-00 00:00:00'),
(508, 10, '2024-01-17', 'melakukan pembinaan Apel pagi', '2024-01-25 06:42:38', '2024-01-25 06:42:38', '0000-00-00 00:00:00'),
(510, 10, '2024-01-17', 'Menjadi narasumber di Rapat RPJMD dengan materi Indikator Makro Kab. Demak', '2024-01-25 06:43:52', '2024-01-25 06:43:52', '0000-00-00 00:00:00'),
(511, 10, '2024-01-17', 'Penyelesaian administrasi surat menyurat', '2024-01-25 07:00:55', '2024-01-25 07:00:55', '0000-00-00 00:00:00'),
(512, 10, '2024-01-17', 'Penilaian SKP pegawai melalui kipapp', '2024-01-25 07:01:27', '2024-01-25 07:01:27', '0000-00-00 00:00:00'),
(513, 10, '2024-01-18', 'Pembinaan apel pagi', '2024-01-25 07:02:33', '2024-01-25 07:02:33', '0000-00-00 00:00:00'),
(514, 1, '2024-01-25', 'Pelatihan susenas', '2024-01-25 07:02:54', '2024-01-25 07:02:54', '0000-00-00 00:00:00'),
(516, 10, '2024-01-18', 'Penyelesaian administrasi surat menyurat', '2024-01-25 07:03:42', '2024-01-25 07:03:42', '0000-00-00 00:00:00'),
(517, 10, '2024-01-18', 'Melakukan pengawasan ke responden SKIP Jalan Tol dan Pengecekan ST2023', '2024-01-25 07:04:08', '2024-01-25 07:04:08', '0000-00-00 00:00:00'),
(518, 10, '2024-01-18', 'Memeriksa notulen rapat Evaluasi Kinerja triwulan 4 dan FRA nya', '2024-01-25 07:04:56', '2024-01-25 07:04:56', '0000-00-00 00:00:00'),
(519, 10, '2024-01-19', 'Persiapan Rapat TPID di Sekda', '2024-01-25 07:05:33', '2024-01-25 07:05:33', '0000-00-00 00:00:00'),
(520, 10, '2024-01-19', 'Mengikuti Rapat TPID di Sekda', '2024-01-25 07:05:50', '2024-01-25 07:05:50', '0000-00-00 00:00:00'),
(521, 10, '2024-01-19', 'Penyelesaian administrasi surat menyurat', '2024-01-25 07:06:23', '2024-01-25 07:06:23', '0000-00-00 00:00:00'),
(522, 10, '2024-01-22', 'Persiapan Zoom Meeting Pelatihan Calon Petugas Susenas, Seruti dan Sakernas ', '2024-01-25 07:07:41', '2024-01-25 07:07:41', '0000-00-00 00:00:00'),
(523, 10, '2024-01-22', 'Membuka Pelatihan Calon Petugas Susenas, Seruti dan Sakernas ', '2024-01-25 07:07:57', '2024-01-25 07:07:57', '0000-00-00 00:00:00'),
(524, 10, '2024-01-22', 'Penyelesaian administrasi surat menyurat', '2024-01-25 07:09:10', '2024-01-25 07:09:10', '0000-00-00 00:00:00'),
(525, 10, '2024-01-22', 'Mengikuti Rapat Pembahasan Apllikasi Mas Prast se BPS Jawa Tengah melalui Zoom Meeting', '2024-01-25 07:10:04', '2024-01-25 07:10:04', '0000-00-00 00:00:00'),
(526, 10, '2024-01-22', 'Melakukan Pemeriksaan LAKIN 2024', '2024-01-25 07:10:30', '2024-01-25 07:10:30', '0000-00-00 00:00:00'),
(527, 10, '2024-01-23', 'Persiapan Zoom Meeting', '2024-01-25 07:11:47', '2024-01-25 07:11:47', '0000-00-00 00:00:00'),
(528, 10, '2024-01-23', 'Mengikuti Rapat Internalisasi Pembinaan Statistik Sektoral tingkat Daerah oleh BPS Pusat melalui Zoom Meeting', '2024-01-25 07:12:57', '2024-01-25 07:12:57', '0000-00-00 00:00:00'),
(529, 10, '2024-01-23', 'Melanjutkan pemeriksaan LAKIN 2024', '2024-01-25 07:14:17', '2024-01-25 07:14:17', '0000-00-00 00:00:00'),
(530, 10, '2024-01-23', 'Penyelesaian administrasi surat menyurat', '2024-01-25 07:14:48', '2024-01-25 07:14:48', '0000-00-00 00:00:00'),
(531, 10, '2024-01-24', 'Penyelesaian pemeriksaan LAKIN 2024', '2024-01-25 07:15:32', '2024-01-25 07:15:32', '0000-00-00 00:00:00'),
(532, 10, '2024-01-24', 'Pengawasan kegiatan Ubinan dii Kecamatan Gajah', '2024-01-25 07:15:51', '2024-01-25 07:15:51', '0000-00-00 00:00:00'),
(533, 10, '2024-01-24', 'Memimpin Penandatangan Pakta Integritas pegawai BPS Kab. Demak', '2024-01-25 07:16:20', '2024-01-25 07:16:20', '0000-00-00 00:00:00'),
(534, 10, '2024-01-25', 'Persiapan pembukaan pelatihan Calon Petugas Susenas gel 2..\r\n', '2024-01-25 07:24:50', '2024-01-25 07:24:50', '0000-00-00 00:00:00'),
(535, 10, '2024-01-25', 'Membuka Pelatihan Calon Petugas Susenas gel 2', '2024-01-25 07:25:09', '2024-01-25 07:25:09', '0000-00-00 00:00:00'),
(536, 10, '2024-01-25', 'Memeriksa dokumen untuk WBK', '2024-01-25 07:25:37', '2024-01-25 07:25:37', '0000-00-00 00:00:00'),
(537, 10, '2024-01-25', 'Memriksa aplikasi inovasi terkait ijin keluar jam kerja dan laporan harian', '2024-01-25 07:26:10', '2024-01-25 07:26:10', '0000-00-00 00:00:00'),
(538, 10, '2024-01-25', 'Penyelesaian administrasi surat menyurat', '2024-01-25 07:26:28', '2024-01-25 07:26:28', '0000-00-00 00:00:00'),
(539, 10, '2024-01-25', 'Pengawasan pelatihan Calon Petugas Susenas gel 2', '2024-01-25 07:26:51', '2024-01-25 07:26:51', '0000-00-00 00:00:00'),
(540, 10, '2024-01-25', 'Pengawasan pelatihan Calon Petugas Susenas gel 2', '2024-01-25 07:26:52', '2024-01-25 07:26:52', '0000-00-00 00:00:00'),
(541, 10, '2024-01-25', 'Pengawasan pelatihan Calon Petugas Susenas gel 2', '2024-01-25 07:26:54', '2024-01-25 07:26:54', '0000-00-00 00:00:00'),
(542, 10, '2024-01-25', 'Pengawasan pelatihan Calon Petugas Susenas gel 2', '2024-01-25 07:27:21', '2024-01-25 07:27:21', '0000-00-00 00:00:00'),
(543, 22, '2024-01-22', 'Mengajar Pelatihan Online Kegiatan Survei Sosial Ekonomi Nasional (Susenas)', '2024-01-25 07:58:08', '2024-01-25 07:58:08', '0000-00-00 00:00:00'),
(544, 22, '2024-01-23', 'Mengajar Pelatihan Online Kegiatan Survei Sosial Ekonomi Nasional (Susenas)', '2024-01-25 07:58:15', '2024-01-25 07:58:15', '0000-00-00 00:00:00'),
(545, 22, '2024-01-25', 'Mengajar Pelatihan Online Kegiatan Survei Sosial Ekonomi Nasional (Susenas)', '2024-01-25 07:58:22', '2024-01-25 07:58:22', '0000-00-00 00:00:00'),
(546, 22, '2024-01-24', 'Mengajar Pelatihan Online Kegiatan Survei Sosial Ekonomi Nasional (Susenas)', '2024-01-25 07:58:27', '2024-01-25 07:58:27', '0000-00-00 00:00:00'),
(547, 23, '2024-01-25', 'Dinas Luar (perjadin workshop LK 2023) di BPS Provinsi Jawa Tengah', '2024-01-26 00:50:48', '2024-01-26 00:50:48', '0000-00-00 00:00:00'),
(548, 23, '2024-01-26', 'membuat billing pajak pengadaan perlengkapan pelatihan susenas sakernas, ', '2024-01-26 00:52:25', '2024-01-26 00:52:25', '0000-00-00 00:00:00'),
(549, 30, '2024-01-24', 'Mengikuti pelatihan Susenas', '2024-01-26 02:36:59', '2024-01-26 02:36:59', '0000-00-00 00:00:00'),
(550, 30, '2024-01-24', 'Mengikuti zoom meeting  rapat diskusi K3', '2024-01-26 02:37:23', '2024-01-26 02:37:23', '0000-00-00 00:00:00'),
(551, 30, '2024-01-25', 'Melakukan updating direktori pariwisata', '2024-01-26 02:37:38', '2024-01-26 02:37:38', '0000-00-00 00:00:00'),
(552, 30, '2024-01-26', 'Melakukan pengawasan dan pemeriksaan KSA', '2024-01-26 02:38:34', '2024-01-26 02:38:34', '0000-00-00 00:00:00'),
(553, 30, '2024-01-25', 'Melakukan pemeriksaan KSA', '2024-01-26 02:38:44', '2024-01-26 02:38:44', '0000-00-00 00:00:00'),
(554, 30, '2024-01-29', 'Membuat KAK Statistik Distribusi', '2024-01-29 01:49:12', '2024-01-29 01:49:12', '0000-00-00 00:00:00'),
(555, 30, '2024-01-29', 'Membuat KAK Statistik Keuangan Teknologi Informasi dan Pariwisata', '2024-01-29 01:49:39', '2024-01-29 01:49:39', '0000-00-00 00:00:00'),
(556, 26, '2024-01-26', 'Pemeriksaan hasil pengamatan KSA Padi', '2024-01-29 01:51:25', '2024-01-29 01:51:25', '0000-00-00 00:00:00'),
(557, 26, '2024-01-29', 'Melakukan Pemeriksaan , Aproval dokumen hasil ubinan padi sr1 melalui fasih', '2024-01-29 01:57:44', '2024-01-29 01:57:44', '0000-00-00 00:00:00'),
(558, 26, '2024-01-29', 'Melakukan Pemeriksaan dokumen SHP suplemen dan SHP bulanan', '2024-01-29 03:44:15', '2024-01-29 03:44:15', '0000-00-00 00:00:00'),
(559, 37, '2024-01-26', '1. Melengkapi administrasi pelatihan petugas SAK FEB 2024 (Lap, Inda, lap penyelenggaraan, rekap nilai peserta, rekap harian).\r\n2. Memantau pelaksanaan updating SAK melalui fasih-SM\r\n', '2024-01-29 07:08:04', '2024-01-29 07:08:04', '0000-00-00 00:00:00'),
(560, 37, '2024-01-29', '- monitoring pelaksanan updating melalui Fasih SM.\r\n- berdiskusi via WA permasalahan lapangan di guntur dan gajah.\r\n- memastikan petugas kebon agung sudah melakukan updating.\r\n- membantu permasalahan, perbedaan tampilan antara HP PML dan PCL. PML diminta melakukan sinkron ulang melalui menu setting (sinkron depan).\r\n- melanjutkan melengkapi kelengkapan adm pelatihan dan meng upload pada link yg ditentukan provinsi.\r\n- Menginput BOS', '2024-01-29 07:12:11', '2024-01-29 07:12:11', '0000-00-00 00:00:00'),
(561, 10, '2024-01-26', 'Pemeriksaan perbaikan Lakin 2023', '2024-01-30 03:07:45', '2024-01-30 03:07:45', '0000-00-00 00:00:00'),
(562, 10, '2024-01-26', 'Pembinaan pegawai (olahraga)', '2024-01-30 03:08:15', '2024-01-30 03:08:15', '0000-00-00 00:00:00'),
(563, 10, '2024-01-26', 'Penyelesaian administrasi', '2024-01-30 03:09:06', '2024-01-30 03:09:06', '0000-00-00 00:00:00'),
(564, 10, '2024-01-26', 'Penyelesaian Kipapp', '2024-01-30 03:09:46', '2024-01-30 03:09:46', '0000-00-00 00:00:00'),
(565, 10, '2024-01-29', 'Menghadiri kegiatan Pembahasan dan Penandatanganan Perjanjian Kinerja 2024 di BPS Provinsi Jawa Tengah', '2024-01-30 03:10:46', '2024-01-30 03:10:46', '0000-00-00 00:00:00'),
(566, 10, '2024-01-30', 'Membuka Pelatihan Calon Petugas Susenas Maret 2024 dan Seruti tw 1 Tahun 2024 secara offline gelombang 1.', '2024-01-30 03:11:55', '2024-01-30 03:11:55', '0000-00-00 00:00:00'),
(567, 37, '2024-01-30', 'Melakukan pengecekan Fasih SM Sakernas 2024, petugas telah mensubmit 40,61 persen  asigment', '2024-01-30 03:15:11', '2024-01-30 03:15:11', '0000-00-00 00:00:00'),
(568, 37, '2024-01-30', 'pengawasan updating listing SAK di Kecamatan Gajah', '2024-01-30 03:15:41', '2024-01-30 03:15:41', '0000-00-00 00:00:00'),
(569, 10, '2024-01-30', 'Mendisposisi surat masuk', '2024-01-30 03:28:14', '2024-01-30 03:28:14', '0000-00-00 00:00:00'),
(570, 25, '2024-01-30', 'Persiapan Pembinaan Statistik Sektoral 2024', '2024-01-30 07:11:38', '2024-01-30 07:11:38', '0000-00-00 00:00:00'),
(571, 25, '2024-01-30', 'Mencari pengganti segmen KSA', '2024-01-30 07:12:00', '2024-01-30 07:12:00', '0000-00-00 00:00:00'),
(572, 25, '2024-01-29', 'Pelatihan SUSENAS', '2024-01-30 07:15:01', '2024-01-30 07:15:01', '0000-00-00 00:00:00'),
(573, 25, '2024-01-26', 'Pelatihan SUSENAS', '2024-01-30 07:15:11', '2024-01-30 07:15:11', '0000-00-00 00:00:00'),
(574, 25, '2024-01-25', 'Pelatihan SUSENAS', '2024-01-30 07:15:20', '2024-01-30 07:15:20', '0000-00-00 00:00:00'),
(575, 37, '2024-01-30', 'Mengikuti Zoom Persiapan Pembinan Statistik Sektoral', '2024-01-30 09:17:01', '2024-01-30 09:17:01', '0000-00-00 00:00:00'),
(576, 30, '2024-01-30', 'Mengikuti pelatihan Susenas di Amantis', '2024-01-31 00:48:17', '2024-01-31 00:48:17', '0000-00-00 00:00:00'),
(577, 30, '2024-01-31', 'Mengecek sampel VHTS 2024', '2024-01-31 00:48:30', '2024-01-31 00:48:30', '0000-00-00 00:00:00'),
(578, 30, '2024-01-31', 'Membuat administrasi honor VHTS', '2024-01-31 02:24:14', '2024-01-31 02:24:14', '0000-00-00 00:00:00'),
(579, 30, '2024-01-31', 'Mengajukan honor VHTS di Aplikasi BOS', '2024-01-31 02:24:30', '2024-01-31 02:24:30', '0000-00-00 00:00:00'),
(580, 9, '2024-01-30', 'Mengikuti pelatihan Susenas - Seruti maret 2024', '2024-01-31 05:14:39', '2024-01-31 05:14:39', '0000-00-00 00:00:00'),
(581, 9, '2024-01-29', 'Melaksanakan pengawasan lapangan KSA Jagung ke Kec. Guntur', '2024-01-31 05:15:17', '2024-01-31 05:15:17', '0000-00-00 00:00:00'),
(582, 9, '2024-01-31', 'Membantu menyusun bahan PDRB LU Triwulanan dan Tahunan', '2024-01-31 05:15:52', '2024-01-31 05:15:52', '0000-00-00 00:00:00'),
(583, 30, '2024-01-31', 'Membuat conten medsos', '2024-01-31 07:48:07', '2024-01-31 07:48:07', '0000-00-00 00:00:00'),
(584, 37, '2024-01-31', '- Pemeriksaan Fasih SM- Kebonagung,\r\n- Monotoring Pelaksanaan Listing\r\n- Mengisi Evita\r\n- Pengawasan Updating Listing ke Wonosalam\r\n- Aprove Updating Kebon Agung\r\n ', '2024-02-01 02:47:48', '2024-02-01 02:47:48', '0000-00-00 00:00:00'),
(585, 9, '2024-02-01', 'Membantu menyusun bahan PDRB LU Triwulanan dan Tahunan', '2024-02-01 05:00:10', '2024-02-01 05:00:10', '0000-00-00 00:00:00'),
(586, 30, '2024-02-01', 'Melakukan geotag hotel baru', '2024-02-05 01:36:52', '2024-02-05 01:36:52', '0000-00-00 00:00:00'),
(587, 30, '2024-02-02', 'Membuat conten medsos', '2024-02-05 01:37:05', '2024-02-05 01:37:05', '0000-00-00 00:00:00'),
(588, 30, '2024-02-02', 'Mengikuti rapat ketua tim', '2024-02-05 01:37:15', '2024-02-05 01:37:15', '0000-00-00 00:00:00'),
(589, 30, '2024-02-01', 'Membuat bukti RB', '2024-02-05 01:37:25', '2024-02-05 01:37:25', '0000-00-00 00:00:00'),
(590, 30, '2024-02-05', 'Melakukan pengawasan vhts bulan Februari', '2024-02-05 01:37:57', '2024-02-05 01:37:57', '0000-00-00 00:00:00'),
(591, 26, '2024-02-02', 'Melakukan Pemeriksaan dan Uprroved Hasil pencacahan Ubinan', '2024-02-05 02:08:48', '2024-02-05 02:08:48', '0000-00-00 00:00:00'),
(592, 26, '2024-02-05', 'Melaksanakan Pengwasan Updating  Survei Sosial Ekonomi Nasional (Susenas)', '2024-02-05 02:12:03', '2024-02-05 02:12:03', '0000-00-00 00:00:00'),
(593, 20, '2024-02-05', 'melaksanakan pengawasan  updating  susenas ', '2024-02-05 02:17:34', '2024-02-05 02:17:34', '0000-00-00 00:00:00'),
(594, 20, '2024-01-25', 'menerima surat masuk  dan mencatat untuk kepala', '2024-02-05 02:23:53', '2024-02-05 02:23:53', '0000-00-00 00:00:00'),
(595, 20, '2024-01-25', 'mendistribusikan  surat masuk sesuai disposisi kepala', '2024-02-05 02:24:41', '2024-02-05 02:24:41', '0000-00-00 00:00:00'),
(596, 20, '2024-01-26', 'menerima surat  masuk dan mencatat untuk kepala ', '2024-02-05 02:28:16', '2024-02-05 02:28:16', '0000-00-00 00:00:00'),
(597, 20, '2024-01-26', 'mendistribusikan  surat masuk sesuai disposisi kepala ', '2024-02-05 02:29:01', '2024-02-05 02:29:01', '0000-00-00 00:00:00'),
(598, 20, '2024-01-29', 'menerima surat masuk  dan mencatat untuk kepala ', '2024-02-05 02:30:00', '2024-02-05 02:30:00', '0000-00-00 00:00:00'),
(599, 20, '2024-01-29', 'mendistribusikan surat masuk sesuai disposisi kepala ', '2024-02-05 02:30:33', '2024-02-05 02:30:33', '0000-00-00 00:00:00'),
(600, 20, '2024-01-29', 'melaksanakan pengiriman surat ke kantor dinas ', '2024-02-05 02:31:30', '2024-02-05 02:31:30', '0000-00-00 00:00:00'),
(601, 20, '2024-01-30', 'mengikuti pelatihan ofline tatap muka ', '2024-02-05 02:32:38', '2024-02-05 02:32:38', '0000-00-00 00:00:00'),
(602, 20, '2024-02-01', 'menerima surat masuk  dan mencatat untuk kepala ', '2024-02-05 02:34:55', '2024-02-05 02:34:55', '0000-00-00 00:00:00'),
(603, 20, '2024-02-01', 'mendistribusikan surat masuk sesuai disposisi kepala ', '2024-02-05 02:35:27', '2024-02-05 02:35:27', '0000-00-00 00:00:00'),
(604, 20, '2024-02-02', 'menerima surat masuk dan mencatat untuk kepala ', '2024-02-05 02:37:01', '2024-02-05 02:37:01', '0000-00-00 00:00:00'),
(605, 20, '2024-02-02', 'mendistribusikan surat masuk sesuai disposisi  kepala \r\n', '2024-02-05 02:42:17', '2024-02-05 02:42:17', '0000-00-00 00:00:00'),
(606, 1, '2024-02-05', 'Belajar COding', '2024-02-05 06:38:35', '2024-02-05 06:38:35', '0000-00-00 00:00:00'),
(607, 1, '2024-02-05', 'Instalasi Aplikasi PST', '2024-02-05 06:38:46', '2024-02-05 06:38:46', '0000-00-00 00:00:00'),
(608, 1, '2024-02-05', 'Layouting Peta Hasil ST - WB_Bangunan', '2024-02-05 06:39:01', '2024-02-05 06:39:01', '0000-00-00 00:00:00'),
(609, 1, '2024-01-31', 'Pelatihan susenas Offline\r\n', '2024-02-05 07:17:50', '2024-02-05 07:17:50', '0000-00-00 00:00:00'),
(610, 1, '2024-01-25', 'pelatihan susenas online sampe senin', '2024-02-05 07:18:22', '2024-02-05 07:18:22', '0000-00-00 00:00:00'),
(611, 1, '2024-01-26', 'pelatihan susenas online sampe senin', '2024-02-05 07:18:34', '2024-02-05 07:18:34', '0000-00-00 00:00:00'),
(612, 1, '2024-01-29', 'pelatihan susenas online sampe senin', '2024-02-05 07:18:42', '2024-02-05 07:18:42', '0000-00-00 00:00:00'),
(613, 9, '2024-02-05', 'Membantu menyusun PDRB LU Tw4 dan Tahunan', '2024-02-05 08:10:57', '2024-02-05 08:10:57', '0000-00-00 00:00:00'),
(614, 8, '2024-02-05', 'Pengecekan tabel DDA Bab 2, pengawasan Susenas, Update tabel dinamis Hortikultura SBS', '2024-02-05 08:27:04', '2024-02-05 08:27:04', '0000-00-00 00:00:00'),
(615, 8, '2024-02-02', 'Perbaikan template tabel DDA, pengecekan tabel DDA konsumsi pengeluaran', '2024-02-05 08:29:11', '2024-02-05 08:29:11', '0000-00-00 00:00:00'),
(616, 28, '2024-01-26', 'Melakukan pemeriksaan amatan KSA Januari', '2024-02-05 08:43:08', '2024-02-05 08:43:08', '0000-00-00 00:00:00'),
(617, 28, '2024-01-29', 'Menyusun bukti dukung RB, melengkapi laporan Pembangunan ZI bagian Manajemen Perubahan', '2024-02-05 08:47:36', '2024-02-05 08:47:36', '0000-00-00 00:00:00'),
(618, 28, '2024-01-30', 'Mengikuti pelatihan offline Susenas Maret dan Seruti TW 1 Tahun 2024', '2024-02-05 08:48:04', '2024-02-05 08:48:04', '0000-00-00 00:00:00'),
(619, 30, '2024-02-06', 'Mengikuti zoom meeeting survei  VHTS', '2024-02-06 02:17:05', '2024-02-06 02:17:05', '0000-00-00 00:00:00'),
(622, 23, '2024-01-29', 'menyiapakan SPJ pelatihan Susenas Maret dan Seruti Triwulan III 2024 secara offline', '2024-02-06 02:40:35', '2024-02-06 02:40:35', '0000-00-00 00:00:00'),
(623, 23, '2024-01-30', 'menjadi panitia pelatihan Susenas Maret dan Seruti Triwulan III 2024 secara offline', '2024-02-06 02:40:53', '2024-02-06 02:40:53', '0000-00-00 00:00:00'),
(624, 23, '2024-01-31', 'menjadi panitia pelatihan Susenas Maret dan Seruti Triwulan III 2024 secara offline', '2024-02-06 02:41:00', '2024-02-06 02:41:00', '0000-00-00 00:00:00'),
(625, 23, '2024-02-01', 'melakukan rekonsiliasi  LPJ bendahara pengeluaran bulan Januari 2024 dengan KPPN', '2024-02-06 02:43:33', '2024-02-06 02:43:33', '0000-00-00 00:00:00'),
(626, 23, '2024-02-02', 'Membuat laporan saldo rekening  dan konfirmasi pajak bulan Januari 2024 dengan KPPN Kudus serta upload dokumen SPI bulan Januari 2024', '2024-02-06 02:45:10', '2024-02-06 02:45:10', '0000-00-00 00:00:00'),
(627, 23, '2024-02-05', 'membuat SK KGB pegawai, membuat SPJ Honor Pengelola Keuangan bulan Januari 2024 dan membuat SPP Tunjangan Kinerja bulan Januari 2024', '2024-02-06 02:47:55', '2024-02-06 02:47:55', '0000-00-00 00:00:00'),
(628, 23, '2024-02-06', 'membuat SPP uang harian pelatihan susenas Maret 2024, SPP Honor pengelola Januari 2024, SPP paket meeting petihan susenas Maret 2024', '2024-02-06 02:50:06', '2024-02-06 02:50:06', '0000-00-00 00:00:00'),
(629, 23, '2024-02-07', 'Membuat gaji induk pegawai bulan Maret 2024', '2024-02-06 02:50:59', '2024-02-06 02:50:59', '0000-00-00 00:00:00'),
(630, 1, '2024-02-06', 'Pembuatan laporan Adobe untuk januari', '2024-02-06 03:28:16', '2024-02-06 03:28:16', '0000-00-00 00:00:00'),
(631, 1, '2024-02-06', 'Desain Backdrop FGD', '2024-02-06 03:28:28', '2024-02-06 03:28:28', '0000-00-00 00:00:00'),
(632, 1, '2024-02-06', 'Belajar Coding', '2024-02-06 03:28:38', '2024-02-06 03:28:38', '0000-00-00 00:00:00'),
(633, 9, '2024-02-06', 'Membantu Rekon PDRB 2023 dan TW4', '2024-02-06 07:24:00', '2024-02-06 07:24:00', '0000-00-00 00:00:00'),
(634, 9, '2024-02-06', 'Pengawasan updating listing Susenas ke Karangawen', '2024-02-06 07:24:28', '2024-02-06 07:24:28', '0000-00-00 00:00:00'),
(635, 26, '2024-02-06', 'Mengantar Buku Kecamatan Dalam Angka sekaligus surat undangan FGD ke Kantor Kecamatan', '2024-02-06 07:41:46', '2024-02-06 07:41:46', '0000-00-00 00:00:00'),
(636, 2, '2024-01-18', '1. Mengikuti Rapat Koordinasi (Internal BPS) Kegiatan Umum 2. Membuat konten penyelenggaraan kegiatan statistik di Media Sosial Kegiatan Umum 3. Melengkapi Bukti Dukung Kegiatan Reformasi Birokrasi 4. Membuat Tabel Publikasi Kegiatan Fungsi IPDS', '2024-02-07 02:26:11', '2024-02-07 02:26:11', '0000-00-00 00:00:00'),
(637, 2, '2024-01-19', '1. Mengikuti Rapat Koordinasi (Internal BPS) Kegiatan Umum 2. Membuat konten penyelenggaraan kegiatan statistik di Media Sosial Kegiatan Umum 3. Melengkapi Bukti Dukung Kegiatan Reformasi Birokrasi 4. Membuat Tabel Publikasi Kegiatan Fungsi IPDS', '2024-02-07 02:26:40', '2024-02-07 02:26:40', '0000-00-00 00:00:00'),
(638, 2, '2024-01-22', 'Melakukan Pelatihan Online Kegiatan Survei Sosial Ekonomi Nasional (Susenas)', '2024-02-07 02:37:13', '2024-02-07 02:37:13', '0000-00-00 00:00:00'),
(639, 2, '2024-01-23', 'Melakukan Pelatihan Online Kegiatan Survei Sosial Ekonomi Nasional (Susenas)', '2024-02-07 02:37:22', '2024-02-07 02:37:22', '0000-00-00 00:00:00'),
(640, 2, '2024-01-24', 'Melakukan Pelatihan Online Kegiatan Survei Sosial Ekonomi Nasional (Susenas)', '2024-02-07 02:37:44', '2024-02-07 02:37:44', '0000-00-00 00:00:00'),
(642, 2, '2024-01-25', '1. Membuat konten penyelenggaraan kegiatan statistik di Media Sosial Kegiatan Umum 2. Melengkapi Bukti Dukung Kegiatan Reformasi Birokrasi 3. Membuat Tabel Publikasi Kegiatan Fungsi IPDS', '2024-02-07 02:39:02', '2024-02-07 02:39:02', '0000-00-00 00:00:00'),
(643, 2, '2024-01-26', '1. Membuat konten penyelenggaraan kegiatan statistik di Media Sosial Kegiatan Umum 2. Melengkapi Bukti Dukung Kegiatan Reformasi Birokrasi 3. Membuat Tabel Publikasi Kegiatan Fungsi IPDS', '2024-02-07 02:39:44', '2024-02-07 02:39:44', '0000-00-00 00:00:00'),
(644, 2, '2024-01-29', '1. Membuat konten penyelenggaraan kegiatan statistik di Media Sosial Kegiatan Umum 2. Melengkapi Bukti Dukung Kegiatan Reformasi Birokrasi 3. Membuat Tabel Publikasi Kegiatan Fungsi IPDS', '2024-02-07 02:40:43', '2024-02-07 02:40:43', '0000-00-00 00:00:00'),
(645, 2, '2024-01-30', 'Melakukan Pelatihan Offline Kegiatan Survei Sosial Ekonomi Nasional (Susenas)', '2024-02-07 02:41:30', '2024-02-07 02:41:30', '0000-00-00 00:00:00'),
(646, 2, '2024-01-31', '1. Mengikuti Rapat Koordinasi (Internal BPS) Kegiatan Umum 2. Membuat konten penyelenggaraan kegiatan statistik di Media Sosial Kegiatan Umum 3. Melengkapi Bukti Dukung Kegiatan Reformasi Birokrasi 4. Membuat Tabel Publikasi Kegiatan Fungsi IPDS', '2024-02-07 02:43:37', '2024-02-07 02:43:37', '0000-00-00 00:00:00'),
(647, 2, '2024-02-01', '1. Membuat konten penyelenggaraan kegiatan statistik di Media Sosial Kegiatan Umum 2. Melengkapi Bukti Dukung Kegiatan Reformasi Birokrasi 3. Membuat Tabel Publikasi Kegiatan Fungsi IPDS', '2024-02-07 02:46:43', '2024-02-07 02:46:43', '0000-00-00 00:00:00'),
(648, 2, '2024-02-02', '1. Melakukan Pendampingan lapangan (updating/Listing) Kegiatan Survei Sosial Ekonomi Nasional (Susenas) 2. Membuat konten penyelenggaraan kegiatan statistik di Media Sosial Kegiatan Umum 3. Melengkapi Bukti Dukung Kegiatan Reformasi Birokrasi 4. Membuat Tabel Publikasi Kegiatan Fungsi IPDS', '2024-02-07 02:47:55', '2024-02-07 02:47:55', '0000-00-00 00:00:00'),
(649, 2, '2024-02-05', '1. Mengikuti Rapat Koordinasi (Internal BPS) Kegiatan Umum 2. Membuat konten penyelenggaraan kegiatan statistik di Media Sosial Kegiatan Umum 3. Melengkapi Bukti Dukung Kegiatan Reformasi Birokrasi 4. Membuat Tabel Publikasi Kegiatan Fungsi IPDS 5. 1. Melakukan Pendampingan lapangan (updating/Listing) Kegiatan Survei Sosial Ekonomi Nasional (Susenas)', '2024-02-07 02:49:01', '2024-02-07 02:49:01', '0000-00-00 00:00:00'),
(650, 2, '2024-02-06', '1. Mengikuti Rapat Koordinasi (Internal BPS) Kegiatan Umum 2. Mengolah data untuk Tabel Publikasi Publikasi ARC 3. Membuat Tabel Publikasi Publikasi ARC', '2024-02-07 02:52:43', '2024-02-07 02:52:43', '0000-00-00 00:00:00'),
(651, 2, '2024-02-07', '1. Mengikuti Rapat Koordinasi (Internal BPS) Kegiatan Umum 2. Mengolah data untuk Tabel Publikasi Publikasi ARC 3. Membuat Tabel Publikasi Publikasi ARC', '2024-02-07 02:52:54', '2024-02-07 02:52:54', '0000-00-00 00:00:00'),
(652, 30, '2024-02-07', 'Mengecek raw data VHTS', '2024-02-07 03:54:01', '2024-02-07 03:54:01', '0000-00-00 00:00:00'),
(653, 30, '2024-02-07', 'Membuat bukti RB Tim Tata Laksana', '2024-02-07 03:54:23', '2024-02-07 03:54:23', '0000-00-00 00:00:00'),
(655, 7, '2024-01-02', 'Rapat Ketua Tim Pembasahan Perjanjian Kinerja', '2024-02-07 04:32:31', '2024-02-07 04:32:31', '0000-00-00 00:00:00'),
(656, 7, '2024-01-03', 'Melengkapi Laporan Bukti Dukung Triwulan 4 Tahun 2023', '2024-02-07 04:33:27', '2024-02-07 04:33:27', '0000-00-00 00:00:00'),
(657, 7, '2024-01-05', 'Senam, Koordinasi dengan Dinkominfo terkait DDA dan EPSS', '2024-02-07 04:33:58', '2024-02-07 04:33:58', '0000-00-00 00:00:00'),
(658, 7, '2024-01-08', 'Melengkapi bukti dukung Reformasi Birokrasi', '2024-02-07 04:34:44', '2024-02-07 04:34:44', '0000-00-00 00:00:00'),
(659, 7, '2024-01-09', 'Melengkapi bukti dukung Reformasi Birokrasi', '2024-02-07 04:35:27', '2024-02-07 04:35:27', '0000-00-00 00:00:00'),
(660, 7, '2024-01-19', '1. Upload Berita dan Infografis di Backend Website 2. Menyiapkan Permintaan Tabel DDA', '2024-02-07 04:36:38', '2024-02-07 04:36:38', '0000-00-00 00:00:00'),
(661, 7, '2024-01-22', ' Menyiapkan tabel permintaan DDA', '2024-02-07 04:40:00', '2024-02-07 04:40:00', '0000-00-00 00:00:00'),
(662, 7, '2024-01-23', 'Zoom Meeting Persiapan EPSS oleh BPS Provinsi Jawa Tengah', '2024-02-07 04:41:44', '2024-02-07 04:41:44', '0000-00-00 00:00:00'),
(664, 40, '2024-02-07', 'apel sosialisasi pengisian kippap pengawasan shpb memeriksa spd memeriksa SHP memeriksa shpb entri shpb validasi shpg \r\nmengikuti acara perpisahan Tri Mulyaningsih, Buyung F. Suko P. dan Abdul Aliem S.\r\nmemeriksa updating susenas', '2024-02-07 07:58:04', '2024-02-07 07:58:04', '0000-00-00 00:00:00'),
(665, 20, '2024-02-06', 'menerima mencatat surat masuk  untuk kepala ', '2024-02-07 08:14:23', '2024-02-07 08:14:23', '0000-00-00 00:00:00'),
(666, 20, '2024-02-06', 'mendistribusikan surat masuk sesuai disposisi kepala', '2024-02-07 08:14:56', '2024-02-07 08:14:56', '0000-00-00 00:00:00'),
(667, 20, '2024-02-07', 'menerima dan mencatat surat masuk untuk kepala ', '2024-02-07 08:15:25', '2024-02-07 08:15:25', '0000-00-00 00:00:00'),
(668, 20, '2024-02-07', 'mendistribusikan  surat  masuk sesuai disposisi kepala', '2024-02-07 08:16:05', '2024-02-07 08:16:05', '0000-00-00 00:00:00'),
(669, 10, '2024-01-31', 'Menghadiri Undangan ke KPPN', '2024-02-07 08:30:15', '2024-02-07 08:30:15', '0000-00-00 00:00:00'),
(670, 10, '2024-01-31', 'Mendisposisikan surat masuk', '2024-02-07 08:30:47', '2024-02-07 08:30:47', '0000-00-00 00:00:00'),
(671, 10, '2024-01-31', 'Menandatangan surat2', '2024-02-07 08:31:07', '2024-02-07 08:31:07', '0000-00-00 00:00:00'),
(672, 10, '2024-02-01', 'cuti', '2024-02-07 08:31:21', '2024-02-07 08:31:21', '0000-00-00 00:00:00'),
(673, 10, '2024-02-02', 'cuti', '2024-02-07 08:31:31', '2024-02-07 08:31:31', '0000-00-00 00:00:00'),
(674, 9, '2024-02-07', 'Membantu Rekon PDRB2023', '2024-02-07 08:58:16', '2024-02-07 08:58:16', '0000-00-00 00:00:00'),
(675, 32, '2024-01-26', 'Entri shkk januari 2024', '2024-02-12 02:28:32', '2024-02-12 02:28:32', '0000-00-00 00:00:00'),
(676, 32, '2024-01-26', 'RAT Paguyuban barokah', '2024-02-12 02:29:03', '2024-02-12 02:29:03', '0000-00-00 00:00:00'),
(677, 32, '2024-01-30', 'Mengikuti pelatihan SUSENAS offline', '2024-02-12 02:30:32', '2024-02-12 02:30:32', '0000-00-00 00:00:00'),
(678, 32, '2024-02-01', 'Mengalokasikan dok shp, shped, shpg', '2024-02-12 02:42:45', '2024-02-12 02:42:45', '0000-00-00 00:00:00'),
(680, 32, '2024-02-05', 'Pengawasan lapangan update susenas', '2024-02-12 02:44:31', '2024-02-12 02:44:31', '0000-00-00 00:00:00'),
(681, 32, '2024-02-06', 'Pemeriksaan SP padi palawija', '2024-02-12 02:44:57', '2024-02-12 02:44:57', '0000-00-00 00:00:00'),
(682, 32, '2024-02-06', 'Entri SHPG minggu I', '2024-02-12 02:48:04', '2024-02-12 02:48:04', '0000-00-00 00:00:00'),
(683, 30, '2024-02-12', 'Melakukan pemeriksaan VHTS Bulan Januari 2024', '2024-02-12 02:48:47', '2024-02-12 02:48:47', '0000-00-00 00:00:00'),
(684, 30, '2024-02-12', 'Melakukan pemeriksaan updating susenas', '2024-02-12 02:54:04', '2024-02-12 02:54:04', '0000-00-00 00:00:00'),
(685, 1, '2024-02-12', 'membuat PPT untuk FGB besuk', '2024-02-12 04:09:20', '2024-02-12 04:09:20', '0000-00-00 00:00:00'),
(686, 1, '2024-02-12', 'lanjut belajar coding', '2024-02-12 04:09:29', '2024-02-12 04:09:29', '0000-00-00 00:00:00'),
(687, 40, '2024-02-12', 'Menyiapkan data IPH\r\nApel\r\nRapat TPID\r\nMemeriksa Survei Harga Perdagangan Besar\r\nMemeriksa Survei BoQ\r\nMengisi Angket Pemetaan SDM Statistik Harga di BPS Kabupaten \r\nMonitoring SHPB\r\nMonitoring SHP\r\nMonitoring SHP Suplemen\r\nMonitoring Survei HKD', '2024-02-12 06:56:20', '2024-02-12 06:56:20', '0000-00-00 00:00:00'),
(688, 30, '2024-02-13', 'Melakukan pemeriksaan hasil entry manual VHTS', '2024-02-13 02:25:59', '2024-02-13 02:25:59', '0000-00-00 00:00:00'),
(689, 9, '2024-02-13', 'Membantu membuat fenomena PDRBE', '2024-02-13 02:44:47', '2024-02-13 02:44:47', '0000-00-00 00:00:00'),
(690, 9, '2024-02-13', 'Pemeriksaan dokumen updating listing Susenas-Seruti 2 BS', '2024-02-13 08:12:04', '2024-02-13 08:12:04', '0000-00-00 00:00:00'),
(691, 40, '2024-02-13', 'Apel\r\nMemeriksa SHPB\r\nMemeriksa HKD\r\nMerapikan surat tugas drive google \r\nMemeriksa updating susenas\r\nMemeriksa SHP\r\nMengisi Evita\r\nMengisi Kippap\r\nMonitoring SHPB\r\nMonitoring SHP\r\nMonitoring SHP Suplemen\r\nMonitoring SHKD\r\nMonitoring SHPBG\r\nMonitoring SHPG', '2024-02-13 08:37:17', '2024-02-13 08:37:17', '0000-00-00 00:00:00'),
(692, 1, '2024-02-15', 'membuat 6 desain sertifikat petugas', '2024-02-15 02:49:06', '2024-02-15 02:49:06', '0000-00-00 00:00:00'),
(693, 1, '2024-02-15', 'validasi pemutakhiran susenas\r\n', '2024-02-15 02:53:05', '2024-02-15 02:53:05', '0000-00-00 00:00:00'),
(694, 1, '2024-02-13', 'FGD DDA 2024 di amantis', '2024-02-15 02:54:14', '2024-02-15 02:54:14', '0000-00-00 00:00:00'),
(696, 7, '2024-01-25', 'Pelatihan Susenas 2024', '2024-02-15 02:59:05', '2024-02-15 02:59:05', '0000-00-00 00:00:00'),
(697, 7, '2024-01-26', 'Pelatihan Susenas 2024', '2024-02-15 02:59:11', '2024-02-15 02:59:11', '0000-00-00 00:00:00'),
(698, 7, '2024-01-29', 'Pelatihan Susenas 2024', '2024-02-15 02:59:18', '2024-02-15 02:59:18', '0000-00-00 00:00:00'),
(699, 7, '2024-01-30', 'Penyiapan Bahan FGD DDA 2024', '2024-02-15 02:59:35', '2024-02-15 02:59:35', '0000-00-00 00:00:00'),
(700, 7, '2024-01-31', 'Pelatihan Susenas 2024 secara offline', '2024-02-15 02:59:51', '2024-02-15 02:59:51', '0000-00-00 00:00:00'),
(701, 7, '2024-02-01', 'Penyusunan DDA 2024', '2024-02-15 03:00:05', '2024-02-15 03:00:05', '0000-00-00 00:00:00'),
(702, 7, '2024-02-02', 'Pelatihan Susenas 2024', '2024-02-15 03:00:17', '2024-02-15 03:00:17', '0000-00-00 00:00:00'),
(703, 7, '2024-02-05', 'Penyiapan FGD Penyusunan DDA 2024 (Bahan, Surat Tugas, Undangan dll)', '2024-02-15 03:00:50', '2024-02-15 03:00:50', '0000-00-00 00:00:00'),
(704, 7, '2024-02-06', 'Penyiapan FGD Penyusunan DDA 2024 (Bahan, Surat Tugas, Undangan dll)', '2024-02-15 03:01:48', '2024-02-15 03:01:48', '0000-00-00 00:00:00'),
(705, 7, '2024-02-07', 'Zoom Meeting Refresing Simdasi dan Penyusunan DDA 2024', '2024-02-15 03:02:21', '2024-02-15 03:02:21', '0000-00-00 00:00:00'),
(706, 2, '2024-02-08', '1. Mengikuti Rapat Koordinasi (Internal BPS) Kegiatan Umum 2. Mengolah data untuk Tabel Publikasi Publikasi ARC 3. Membuat Tabel Publikasi Publikasi ARC', '2024-02-15 03:02:27', '2024-02-15 03:02:27', '0000-00-00 00:00:00'),
(707, 7, '2024-02-12', 'Penyusunan DDA 2024', '2024-02-15 03:02:37', '2024-02-15 03:02:37', '0000-00-00 00:00:00'),
(708, 2, '2024-02-09', '1.  Mengolah data untuk Tabel Publikasi Publikasi ARC \r\n2. Membuat Tabel Publikasi Publikasi ARC', '2024-02-15 03:02:53', '2024-02-15 03:02:53', '0000-00-00 00:00:00'),
(709, 2, '2024-02-12', '1. Mengikuti Rapat Koordinasi (Internal BPS) Kegiatan Umum 2. Mengolah data untuk Tabel Publikasi Publikasi ARC 3. Membuat Tabel Publikasi Publikasi ARC', '2024-02-15 03:03:09', '2024-02-15 03:03:09', '0000-00-00 00:00:00'),
(710, 7, '2024-02-13', 'Focus Group Discussion Penyusunan Daerah Dalam Angka, Upload Lakin ke Portal Publikasi, mengisi hasil pemeriksaan bukti dukung EPSS 2023 dan Tindak Lanjut 2024', '2024-02-15 03:03:37', '2024-02-15 03:03:37', '0000-00-00 00:00:00'),
(711, 2, '2024-02-13', '1. Mengikuti FGD Penyusunan DDA Tahun 2024', '2024-02-15 03:03:47', '2024-02-15 03:03:47', '0000-00-00 00:00:00'),
(712, 7, '2024-02-15', 'Penyusunan Daerah Dalam Angka, Zoom Meeting Briefing Sistem Kerja Mitra 2024', '2024-02-15 03:04:11', '2024-02-15 03:04:11', '0000-00-00 00:00:00');
INSERT INTO `laporan` (`id`, `user_id`, `tanggal`, `pekerjaan`, `created_at`, `updated_at`, `deleted_at`) VALUES
(713, 2, '2024-02-15', '1. Mengikuti Rapat Koordinasi (Internal BPS) Kegiatan Umum 2. Mengolah data untuk Tabel Publikasi Publikasi ARC \r\n3. Membuat Tabel Publikasi Publikasi ARC\r\n4. Cleaning Pemutakhiran Susenas Maret 2024', '2024-02-15 03:04:34', '2024-02-15 03:04:34', '0000-00-00 00:00:00'),
(714, 2, '2024-02-16', '1. Mengikuti Rapat Koordinasi (Internal BPS) Kegiatan Umum 2. Mengolah data untuk Tabel Publikasi Publikasi ARC 3. Membuat Tabel Publikasi Publikasi ARC 4. Survey Rentang Harga Susenas', '2024-02-15 03:05:13', '2024-02-15 03:05:13', '0000-00-00 00:00:00'),
(715, 32, '2024-02-09', 'Pemeriksaan SHP Buana Box', '2024-02-15 04:14:29', '2024-02-15 04:14:29', '0000-00-00 00:00:00'),
(716, 32, '2024-02-12', 'Pemeriksaan Updating Susenas 2 blok', '2024-02-15 04:16:20', '2024-02-15 04:16:20', '0000-00-00 00:00:00'),
(717, 32, '2024-02-13', 'Pemeriksaan updateting susenas 2 blok  ', '2024-02-15 04:17:25', '2024-02-15 04:17:25', '0000-00-00 00:00:00'),
(718, 32, '2024-02-15', 'Entry dok SHPED (HKD)', '2024-02-15 04:18:23', '2024-02-15 04:18:23', '0000-00-00 00:00:00'),
(719, 32, '2024-02-13', 'Survei rentan harga  ', '2024-02-15 04:26:23', '2024-02-15 04:26:23', '0000-00-00 00:00:00'),
(720, 34, '2024-02-15', 'Zoom Sistem Kerja Mitra Statistik, Menghitung Konversi Angka Kredit', '2024-02-15 06:19:04', '2024-02-15 06:19:04', '0000-00-00 00:00:00'),
(721, 34, '2024-02-13', 'Mengalokasikan Pekerjaan di dalam kipapp, Mengupload LAKIN 2023, membuat surat laporan bencana banjir, ', '2024-02-15 06:33:04', '2024-02-15 06:33:04', '0000-00-00 00:00:00'),
(722, 34, '2024-02-07', 'Membuat matrik beban kerja melalui aplikasi maspras, memeriksa laporan SPI Online', '2024-02-15 06:39:36', '2024-02-15 06:39:36', '0000-00-00 00:00:00'),
(723, 34, '2024-02-12', 'Melengkapi Permindok laporan hutang kepada pihak ketiga, mengupload PK 2024', '2024-02-15 06:46:50', '2024-02-15 06:46:50', '0000-00-00 00:00:00'),
(724, 34, '2024-02-06', 'Memeriksa hasil update susenas, melengkapi permindok BMN', '2024-02-15 06:49:29', '2024-02-15 06:49:29', '0000-00-00 00:00:00'),
(725, 34, '2024-02-05', 'Memeriksa laporan BMN, membuat alokasi beban kerja menggunakan aplikasi maspras,  memeriksa laporan SPI Online', '2024-02-15 06:53:48', '2024-02-15 06:53:48', '0000-00-00 00:00:00'),
(726, 34, '2024-02-02', 'Mmbuat PK Kasubbag 2024, Alokasi pekerjaan dalam aplikasi Kipapp', '2024-02-15 06:56:26', '2024-02-15 06:56:26', '0000-00-00 00:00:00'),
(727, 34, '2024-02-01', 'Membuat surat permohonan penundaan keberangkatan pindah pegawai yang mutasi,  Entri CKP dalam aplikasi TKOnline, memeriksa Absensi pegawai melalui aplikasi BOS', '2024-02-15 07:02:04', '2024-02-15 07:02:04', '0000-00-00 00:00:00'),
(729, 6, '2024-02-15', 'Penyiapan surat dan koordinasi dengan bappelitbangda tentang epss', '2024-02-15 07:33:54', '2024-02-15 07:33:54', '0000-00-00 00:00:00'),
(730, 6, '2024-02-15', 'entri updating ssn maret', '2024-02-15 07:34:15', '2024-02-15 07:34:15', '0000-00-00 00:00:00'),
(731, 6, '2024-02-15', 'validasi updating ssn', '2024-02-15 07:34:40', '2024-02-15 07:34:40', '0000-00-00 00:00:00'),
(732, 40, '2024-02-15', 'apel pemeriksaan SHP Pemeriksaan SHP Suplemen Pemeriksaan SHPB Monitoring SGPG Monitoring SHPBG Monitoring SHK Perdesaan Mengisi Evita Monitoring SHP Supervisi SHP ke perusahaan Quartindo Monitoring SHP Suplemen Kippap\r\nBOS', '2024-02-15 08:56:02', '2024-02-15 08:56:02', '0000-00-00 00:00:00'),
(733, 32, '2024-02-16', 'Entry SHPG bualan dan SHPG mingguan', '2024-02-19 02:19:15', '2024-02-19 02:19:15', '0000-00-00 00:00:00'),
(734, 1, '2024-02-19', 'Briefing Survei Konstruksi Tahun 2024', '2024-02-19 02:20:19', '2024-02-19 02:20:19', '0000-00-00 00:00:00'),
(735, 34, '2024-02-19', 'Rapat Ketua Tim , Alokasi Pekerjaan di kipapp', '2024-02-19 06:33:43', '2024-02-19 06:33:43', '0000-00-00 00:00:00'),
(736, 34, '2024-02-15', 'Olah raga, Membuat surat usulan pegawai yang akan ukom, membuat matrik peran hasil ', '2024-02-19 06:39:37', '2024-02-19 06:39:37', '0000-00-00 00:00:00'),
(737, 30, '2024-02-15', 'Melakukan updating parawisata dengan fasih', '2024-02-20 06:45:12', '2024-02-20 06:45:12', '0000-00-00 00:00:00'),
(738, 30, '2024-02-16', 'Membuat Kipapp', '2024-02-20 06:45:25', '2024-02-20 06:45:25', '0000-00-00 00:00:00'),
(739, 30, '2024-02-19', 'Melakukan penyaluran dana bantuan banjir', '2024-02-20 06:46:11', '2024-02-20 06:46:11', '0000-00-00 00:00:00'),
(740, 30, '2024-02-20', 'Membuat Kipapp', '2024-02-20 06:46:25', '2024-02-20 06:46:25', '0000-00-00 00:00:00'),
(741, 30, '2024-02-15', 'Melakukan validasi data listing susenas', '2024-02-20 07:00:03', '2024-02-20 07:00:03', '0000-00-00 00:00:00'),
(742, 30, '2024-02-14', 'Melakukan validasi data listing susenas', '2024-02-20 07:00:25', '2024-02-20 07:00:25', '0000-00-00 00:00:00'),
(743, 26, '2024-02-20', 'sapa pagi', '2024-02-20 07:14:23', '2024-02-20 07:14:23', '0000-00-00 00:00:00'),
(744, 26, '2024-02-20', 'membuat notulen sapa pagi', '2024-02-20 07:14:39', '2024-02-20 07:14:39', '0000-00-00 00:00:00'),
(745, 26, '2024-02-19', 'apel senin ', '2024-02-20 07:15:19', '2024-02-20 07:15:19', '0000-00-00 00:00:00'),
(746, 26, '2024-02-19', 'menyalurkan donasi korban banjir kec kr anyar', '2024-02-20 07:15:28', '2024-02-20 07:15:28', '0000-00-00 00:00:00'),
(747, 26, '2024-02-12', 'survei RH di pasar', '2024-02-20 07:15:53', '2024-02-20 07:15:53', '0000-00-00 00:00:00'),
(748, 26, '2024-02-16', 'Validasi Hail pengolahan Updating susenas', '2024-02-20 07:16:21', '2024-02-20 07:16:21', '0000-00-00 00:00:00'),
(749, 26, '2024-02-07', 'pemeriksaan dokumen hasil updating susenas (2BS)', '2024-02-20 07:17:24', '2024-02-20 07:17:24', '0000-00-00 00:00:00'),
(750, 26, '2024-02-14', 'Pemeriksaan Dokumen hasil Updating susenas (2 BS)', '2024-02-20 07:18:05', '2024-02-20 07:18:05', '0000-00-00 00:00:00'),
(751, 1, '2024-02-21', 'pembuatan video penyaluran bantuan\r\n', '2024-02-21 03:45:45', '2024-02-21 03:45:45', '0000-00-00 00:00:00'),
(752, 9, '2024-02-20', 'Pengawasan Survei Susenas Seruti Ke Karangawen', '2024-02-21 04:26:32', '2024-02-21 04:26:32', '0000-00-00 00:00:00'),
(753, 9, '2024-02-21', 'Rapat Internal (Sapa pagi)', '2024-02-21 04:26:51', '2024-02-21 04:26:51', '0000-00-00 00:00:00'),
(754, 9, '2024-02-21', 'Menyusun Kipapps', '2024-02-21 04:27:08', '2024-02-21 04:27:08', '0000-00-00 00:00:00'),
(755, 9, '2024-02-21', 'Menyusun RB Tata Laksana kolaborasi PKL', '2024-02-21 04:27:45', '2024-02-21 04:27:45', '0000-00-00 00:00:00'),
(756, 9, '2024-02-20', 'Rapat Internal (Sapa pagi)', '2024-02-21 04:28:09', '2024-02-21 04:28:09', '0000-00-00 00:00:00'),
(757, 9, '2024-02-19', 'Apel Pagi 19 Feb', '2024-02-21 04:28:28', '2024-02-21 04:28:28', '0000-00-00 00:00:00'),
(758, 9, '2024-02-19', 'Penyaluran bantuan banjir Karanganyar', '2024-02-21 04:28:52', '2024-02-21 04:28:52', '0000-00-00 00:00:00'),
(759, 9, '2024-02-15', 'Pendataan Rentang Harga SUSENAS ke Karangawen', '2024-02-21 04:29:31', '2024-02-21 04:29:31', '0000-00-00 00:00:00'),
(760, 7, '2024-02-16', 'Penyusunan Daerah Dalam Angka, Mengisi Rekap Bukti Dukung EPSS 2023 dan RTL 2024', '2024-02-21 07:47:42', '2024-02-21 07:47:42', '0000-00-00 00:00:00'),
(761, 7, '2024-02-19', 'Pengisian Kippapps, Penyusunan Daerah Dalam Angka', '2024-02-21 07:48:27', '2024-02-21 07:48:27', '0000-00-00 00:00:00'),
(762, 7, '2024-02-20', 'Pengisian Kippapps, Penyusunan Daerah Dalam Angka', '2024-02-21 07:48:41', '2024-02-21 07:48:41', '0000-00-00 00:00:00'),
(763, 7, '2024-02-21', 'Pengisian Kippapps, Penyusunan Daerah Dalam Angka', '2024-02-21 07:48:53', '2024-02-21 07:48:53', '0000-00-00 00:00:00'),
(764, 30, '2024-02-21', 'Membuat KipApp', '2024-02-22 01:34:17', '2024-02-22 01:34:17', '0000-00-00 00:00:00'),
(765, 30, '2024-02-21', 'Mengikuti rapat RB', '2024-02-22 01:34:34', '2024-02-22 01:34:34', '0000-00-00 00:00:00'),
(766, 30, '2024-02-22', ' Membuat bukti RB', '2024-02-22 01:50:36', '2024-02-22 01:50:36', '0000-00-00 00:00:00'),
(767, 10, '2024-02-05', 'Menghadiri Undangan Sekda Rapat Penandatanganan Komitmen Bersama dan Penyerahan Penghargaan Implementasi Keterbukaan Publik Tgk Kabupaten Tahun 2023', '2024-02-22 02:47:44', '2024-02-22 02:47:44', '0000-00-00 00:00:00'),
(768, 10, '2024-02-05', 'Melakukan Koreksi pembuatan LAKIN 2023', '2024-02-22 02:48:19', '2024-02-22 02:48:19', '0000-00-00 00:00:00'),
(769, 10, '2024-02-22', 'Disposisi surat', '2024-02-22 02:49:30', '2024-02-22 02:49:30', '0000-00-00 00:00:00'),
(770, 10, '2024-02-05', 'Disposisi surat', '2024-02-22 02:49:48', '2024-02-22 02:49:48', '0000-00-00 00:00:00'),
(771, 10, '2024-02-06', 'Sapa pagi', '2024-02-22 02:51:02', '2024-02-22 02:51:02', '0000-00-00 00:00:00'),
(773, 10, '2024-02-06', 'Mengikuti Zoom Meeting dengan BPS RI terkait Sosialisasi KPA', '2024-02-22 02:52:18', '2024-02-22 02:52:18', '0000-00-00 00:00:00'),
(774, 10, '2024-02-06', 'Menandatangani surat tugas', '2024-02-22 02:52:52', '2024-02-22 02:52:52', '0000-00-00 00:00:00'),
(775, 10, '2024-02-06', 'Rapat literasi statistik', '2024-02-22 02:53:08', '2024-02-22 02:53:08', '0000-00-00 00:00:00'),
(776, 10, '2024-02-07', 'Sapa pagi', '2024-02-22 02:58:57', '2024-02-22 02:58:57', '0000-00-00 00:00:00'),
(777, 10, '2024-02-07', 'Melanjutkan koreksi LAKIN 2023', '2024-02-22 02:59:38', '2024-02-22 02:59:38', '0000-00-00 00:00:00'),
(778, 10, '2024-02-22', 'Disposisi dan ttd surat', '2024-02-22 03:00:02', '2024-02-22 03:00:02', '0000-00-00 00:00:00'),
(779, 10, '2024-02-12', 'Sapa Pagi', '2024-02-22 03:01:19', '2024-02-22 03:01:19', '0000-00-00 00:00:00'),
(780, 10, '2024-02-12', 'Pemantauan banjir', '2024-02-22 03:01:55', '2024-02-22 03:01:55', '0000-00-00 00:00:00'),
(781, 10, '2024-02-12', 'Mengoreksi paparan Pak Sekda dalam FGD DDA 2024', '2024-02-22 03:03:35', '2024-02-22 03:03:35', '0000-00-00 00:00:00'),
(782, 1, '2024-02-20', 'pembuatan video penyaluran bantuan\r\n', '2024-02-22 03:33:15', '2024-02-22 03:33:15', '0000-00-00 00:00:00'),
(783, 1, '2024-02-22', 'pengisian kipapp', '2024-02-22 03:33:26', '2024-02-22 03:33:26', '0000-00-00 00:00:00'),
(784, 1, '2024-02-22', 'zoom admin pengolahan sakernas (SQL LAB) dan Anomali', '2024-02-22 03:33:51', '2024-02-22 03:33:51', '0000-00-00 00:00:00'),
(785, 1, '2024-02-22', 'Membuat laporan pembuatan aplikasi', '2024-02-22 03:34:02', '2024-02-22 03:34:02', '0000-00-00 00:00:00'),
(786, 10, '2024-02-12', 'Koreksi paparan Kepala BPS Kab. Demak dalam rangka FGD DDA 2024', '2024-02-22 03:36:44', '2024-02-22 03:36:44', '0000-00-00 00:00:00'),
(787, 10, '2024-02-13', 'Mengikuti FGD DDA  2024', '2024-02-22 03:37:29', '2024-02-22 03:37:29', '0000-00-00 00:00:00'),
(788, 10, '2024-02-07', 'Kunjungan ke Dinperpusar terkait literasi statistik', '2024-02-22 04:00:33', '2024-02-22 04:00:33', '0000-00-00 00:00:00'),
(789, 10, '2024-02-15', 'Monitoring identifikasi bukti dukung EPSS dan tindaklanjutnya', '2024-02-22 04:11:09', '2024-02-22 04:11:09', '0000-00-00 00:00:00'),
(790, 10, '2024-02-15', 'Sapa pagi', '2024-02-22 04:11:26', '2024-02-22 04:11:26', '0000-00-00 00:00:00'),
(791, 10, '2024-02-15', 'Disposisi surat', '2024-02-22 04:11:53', '2024-02-22 04:11:53', '0000-00-00 00:00:00'),
(792, 10, '2024-02-15', 'Mengikuti rilis BPS RI', '2024-02-22 04:12:10', '2024-02-22 04:12:10', '0000-00-00 00:00:00'),
(793, 10, '2024-02-16', 'Kerja bakti dan olah raga', '2024-02-22 04:12:28', '2024-02-22 04:12:28', '0000-00-00 00:00:00'),
(794, 10, '2024-02-16', 'Disposisi surat', '2024-02-22 04:12:43', '2024-02-22 04:12:43', '0000-00-00 00:00:00'),
(795, 10, '2024-02-16', 'Penandatanganan surat', '2024-02-22 04:12:56', '2024-02-22 04:12:56', '0000-00-00 00:00:00'),
(796, 10, '2024-02-16', 'Rapat bantuan donasi banjir\r\n', '2024-02-22 04:18:20', '2024-02-22 04:18:20', '0000-00-00 00:00:00'),
(797, 10, '2024-02-15', 'Rapat bantuan donasi banjir', '2024-02-22 04:18:53', '2024-02-22 04:18:53', '0000-00-00 00:00:00'),
(798, 40, '2024-02-16', 'Olah raga jalan sehat di stadion Sultan Fatah\r\nPemeriksaan SHP\r\nPemeriksaan Suplemen SHP\r\nPemeriksaan SHKD\r\nMengisi Evita\r\nMengisi Kippap\r\nMonitoring SHP\r\nMonitoring SHKD\r\nMonitoring SHP Suplemen\r\nMonitoring SHD\r\nBOS', '2024-02-22 05:00:17', '2024-02-22 05:00:17', '0000-00-00 00:00:00'),
(799, 40, '2024-02-19', 'Apel\r\nRapat TPID\r\nMengisi Kippap\r\nRapat Ketua Tim\r\nPemeriksaan SHD\r\nValidasi SHKD\r\nValidasi SHPB', '2024-02-22 05:02:30', '2024-02-22 05:02:30', '0000-00-00 00:00:00'),
(800, 40, '2024-02-20', 'Apel Mengisi Kippap  Pemeriksaan SHD Pemeriksaan SHP\r\nValidasi SHKD\r\nMonitoring SHD\r\nMengisi Kippap\r\n', '2024-02-22 06:25:33', '2024-02-22 06:25:33', '0000-00-00 00:00:00'),
(802, 40, '2024-02-21', 'Apel \r\nMonitoring SHD\r\nMengisi Kippap', '2024-02-22 06:28:12', '2024-02-22 06:28:12', '0000-00-00 00:00:00'),
(804, 1, '2024-02-22', 'membuat infografis untuk sosial media', '2024-02-22 08:25:13', '2024-02-22 08:25:13', '0000-00-00 00:00:00'),
(805, 40, '2024-02-22', 'Apel \r\nMengisi Kippap \r\nValidasi  SHD\r\n Pemeriksaan SHP\r\nValidasi SHKD \r\nMonitoring SHP\r\nMengisi bukti RB', '2024-02-22 08:56:01', '2024-02-22 08:56:01', '0000-00-00 00:00:00'),
(806, 30, '2024-02-23', 'Mengikuti jumat bersih', '2024-02-23 01:40:24', '2024-02-23 01:40:24', '0000-00-00 00:00:00'),
(807, 30, '2024-02-23', 'Membuat Bukti RB', '2024-02-23 02:22:32', '2024-02-23 02:22:32', '0000-00-00 00:00:00'),
(808, 30, '2024-02-23', 'Pengawasan KSA', '2024-02-23 02:22:40', '2024-02-23 02:22:40', '0000-00-00 00:00:00'),
(810, 23, '2024-02-12', 'memeriksa SPJ honor mitra bulanan Januari 2024, mengajukan pencairan honor mitra bulanan Januari 2024 ke KPPN di aplikasi SAKTI, dan menyiapkan SPJ FGD DDA 2024', '2024-02-23 03:22:18', '2024-02-23 03:22:18', '0000-00-00 00:00:00'),
(811, 23, '2024-02-13', 'menjadi panitia kegiatan FGD DDA 2024', '2024-02-23 03:23:15', '2024-02-23 03:23:15', '0000-00-00 00:00:00'),
(812, 23, '2024-02-14', 'membuat SKPP pegawai an. Suko Prayogi', '2024-02-23 04:07:20', '2024-02-23 04:07:20', '0000-00-00 00:00:00'),
(813, 23, '2024-02-15', 'mengerjakan permindok LK interm', '2024-02-23 04:07:59', '2024-02-23 04:07:59', '0000-00-00 00:00:00'),
(814, 23, '2024-02-16', 'membuat SPBy dan kuatansi SPJ GUP di aplikasi SAKTI', '2024-02-23 04:08:35', '2024-02-23 04:08:35', '0000-00-00 00:00:00'),
(815, 23, '2024-02-19', 'mengajukan pencairan GUP ke KPPN, melakukan pungut pajak di aplikasi SAKTI\r\n', '2024-02-23 04:29:27', '2024-02-23 04:29:27', '0000-00-00 00:00:00'),
(816, 23, '2024-02-20', 'memeriksa, membuat SPJ GUP KKP dan mengajukan GUP KKP ke KPPN melalui  aplikasi SAKTI', '2024-02-23 04:53:30', '2024-02-23 04:53:30', '0000-00-00 00:00:00'),
(817, 23, '2024-02-21', 'memeriksa kelengkapan SPJ translok kegiatan bulan Januari 2024 dan pengajukan SPP pencairan dana translok kegiatan bulan Januari 2024 ke KPPN melalui aplikasi SAKTI', '2024-02-23 04:56:34', '2024-02-23 04:56:34', '0000-00-00 00:00:00'),
(818, 23, '2024-02-22', 'mencetak SPP, SPM,DRPP, SPBy dan kuitansi pengeluaran anggaran bulan Februari 2024 di aplikasi SAKTI', '2024-02-23 04:58:49', '2024-02-23 04:58:49', '0000-00-00 00:00:00'),
(819, 9, '2024-02-23', 'Pengawasan KSA Jagung', '2024-02-23 07:46:15', '2024-02-23 07:46:15', '0000-00-00 00:00:00'),
(820, 9, '2024-02-23', 'Kerja bhakti  Jumat bersih', '2024-02-23 07:46:45', '2024-02-23 07:46:45', '0000-00-00 00:00:00'),
(821, 40, '2024-02-23', 'Kerja Bakti\r\nEvita\r\nKippap\r\n', '2024-02-23 09:12:34', '2024-02-23 09:12:34', '0000-00-00 00:00:00'),
(822, 1, '2024-02-26', 'mengolah data anomali sakernas dengan SQL LAB\r\n', '2024-02-26 01:57:35', '2024-02-26 01:57:35', '0000-00-00 00:00:00'),
(823, 1, '2024-02-23', 'hunting foto cover DDA', '2024-02-26 02:13:36', '2024-02-26 02:13:36', '0000-00-00 00:00:00'),
(824, 1, '2024-02-23', 'layouting DDA, ', '2024-02-26 02:13:52', '2024-02-26 02:13:52', '0000-00-00 00:00:00'),
(826, 1, '2024-02-23', 'olah data anomali sakernas', '2024-02-26 02:14:06', '2024-02-26 02:14:06', '0000-00-00 00:00:00'),
(828, 7, '2024-02-22', 'Rapat persiapaan EPSS 2024, Rapat persiapan literasi statistik, Penyusunan Daerah Dalam Angka 2024, Pengisian Kippapss', '2024-02-26 02:14:45', '2024-02-26 02:14:45', '0000-00-00 00:00:00'),
(829, 7, '2024-02-23', 'Rapat  EPSS 2024 di Bappeda, Penyusunan Daerah Dalam Angka 2024, Pengisian Kippapss, Upload DDA 2024 ke Portal', '2024-02-26 02:15:48', '2024-02-26 02:15:48', '0000-00-00 00:00:00'),
(830, 23, '2024-02-23', 'mengerjakan RB ', '2024-02-26 02:21:53', '2024-02-26 02:21:53', '0000-00-00 00:00:00'),
(831, 32, '2024-02-19', 'Pemeriksaan  HD', '2024-02-26 03:37:45', '2024-02-26 03:37:45', '0000-00-00 00:00:00'),
(832, 32, '2024-02-20', 'Entry SHP\r\nEntry HD', '2024-02-26 03:39:10', '2024-02-26 03:39:10', '0000-00-00 00:00:00'),
(833, 32, '2024-02-21', 'Entry HPG mingguan ', '2024-02-26 03:40:06', '2024-02-26 03:40:06', '0000-00-00 00:00:00'),
(834, 32, '2024-02-16', 'Pengawasan survei HD', '2024-02-26 03:40:53', '2024-02-26 03:40:53', '0000-00-00 00:00:00'),
(835, 32, '2024-02-26', 'Membuat kip App', '2024-02-26 03:44:46', '2024-02-26 03:44:46', '0000-00-00 00:00:00'),
(836, 23, '2024-02-26', 'mengerjakan RB dan membuat billing pajak bulan Februari 2024', '2024-02-26 04:10:45', '2024-02-26 04:10:45', '0000-00-00 00:00:00'),
(837, 40, '2024-02-26', 'Apel Sapa Pagi\r\nRapat TPID\r\nEvita\r\nKonfirmasi Harga Gabah\r\nKippap\r\nMonitoring SHP \r\nMonitoring SHP Suplemen', '2024-02-26 04:41:32', '2024-02-26 04:41:32', '0000-00-00 00:00:00'),
(838, 1, '2024-02-26', 'layouting DDA', '2024-02-27 01:12:22', '2024-02-27 01:12:22', '0000-00-00 00:00:00'),
(839, 1, '2024-02-27', 'Pemeriksaan susenas', '2024-02-27 01:12:30', '2024-02-27 01:12:30', '0000-00-00 00:00:00'),
(840, 30, '2024-02-26', 'Pengawasan susenas', '2024-02-27 06:05:26', '2024-02-27 06:05:26', '0000-00-00 00:00:00'),
(841, 30, '2024-02-26', 'Pemeriksaan KSA', '2024-02-27 06:05:35', '2024-02-27 06:05:35', '0000-00-00 00:00:00'),
(842, 30, '2024-02-27', 'Menyalurkan donasi banjir', '2024-02-27 06:05:45', '2024-02-27 06:05:45', '0000-00-00 00:00:00'),
(843, 30, '2024-02-27', 'sharingknowledge keprotokolan', '2024-02-27 06:06:14', '2024-02-27 06:06:14', '0000-00-00 00:00:00'),
(844, 1, '2024-02-27', 'infografis DDA', '2024-02-27 09:00:54', '2024-02-27 09:00:54', '0000-00-00 00:00:00'),
(845, 1, '2024-02-27', 'Layouting DDA', '2024-02-27 09:01:01', '2024-02-27 09:01:01', '0000-00-00 00:00:00'),
(846, 9, '2024-02-27', 'Menyusun infografis Rilis PDRB', '2024-02-28 01:27:09', '2024-02-28 01:27:09', '0000-00-00 00:00:00'),
(847, 9, '2024-02-26', 'Menyusun infografis PDRB 2023', '2024-02-28 01:27:39', '2024-02-28 01:27:39', '0000-00-00 00:00:00'),
(848, 10, '2024-02-19', 'Apel pagi 19 Februari 2024', '2024-02-28 03:52:49', '2024-02-28 03:52:49', '0000-00-00 00:00:00'),
(849, 10, '2024-02-19', 'Penyampaian Donasi Banjir', '2024-02-28 04:10:30', '2024-02-28 04:10:30', '0000-00-00 00:00:00'),
(850, 30, '2024-02-29', 'rapat profil pasar', '2024-02-29 01:26:00', '2024-02-29 01:26:00', '0000-00-00 00:00:00'),
(851, 30, '2024-02-29', 'membuat kipapp februari', '2024-02-29 01:26:12', '2024-02-29 01:26:12', '0000-00-00 00:00:00'),
(852, 30, '2024-02-29', 'pengawasan susenas', '2024-02-29 01:26:21', '2024-02-29 01:26:21', '0000-00-00 00:00:00'),
(853, 23, '2024-02-29', 'input setor pajak di aplikasi SAKTI, membuat kippaps bulan Februari 2024', '2024-02-29 03:39:04', '2024-02-29 03:39:04', '0000-00-00 00:00:00'),
(854, 23, '2024-02-27', 'perjadin KPPN Kudus, konsultasi permasalahan rapelan kekurangan gaji pokok 2024', '2024-02-29 03:40:09', '2024-02-29 03:40:09', '0000-00-00 00:00:00'),
(855, 23, '2024-02-28', 'membuat kippaps bulan Januari 2024', '2024-02-29 03:40:24', '2024-02-29 03:40:24', '0000-00-00 00:00:00'),
(856, 40, '2024-02-29', 'Apel\r\nKipapp\r\nMenyiapkan surat Tugas\r\nMenyiapkan kuesioner SHPB\r\nEvita', '2024-02-29 03:53:36', '2024-02-29 03:53:36', '0000-00-00 00:00:00'),
(857, 40, '2024-02-27', 'Apel\r\nKipapp\r\nRapat Ketua Tim\r\nMenyiapkan dokumen RB\r\nMonitoring SHP', '2024-02-29 03:55:29', '2024-02-29 03:55:29', '0000-00-00 00:00:00'),
(858, 40, '2024-02-28', 'Apel\r\nKipapp\r\nMemeriksa RB\r\nMonitoring SHP\r\nEvita\r\nRapat RB', '2024-02-29 03:56:38', '2024-02-29 03:56:38', '0000-00-00 00:00:00'),
(859, 30, '2024-02-29', 'Rapat perencanaan literasi statistik', '2024-02-29 06:52:41', '2024-02-29 06:52:41', '0000-00-00 00:00:00'),
(860, 32, '2024-02-28', 'Sapa pagi', '2024-02-29 08:02:49', '2024-02-29 08:02:49', '0000-00-00 00:00:00'),
(861, 32, '2024-02-28', 'pengawasan pencacahan lapangan susenas', '2024-02-29 08:03:27', '2024-02-29 08:03:27', '0000-00-00 00:00:00'),
(862, 32, '2024-02-27', 'sapa pagi', '2024-02-29 08:03:47', '2024-02-29 08:03:47', '0000-00-00 00:00:00'),
(863, 32, '2024-02-27', 'pengawasan pecacahan susenas ds wonoagung', '2024-02-29 08:04:38', '2024-02-29 08:04:38', '0000-00-00 00:00:00'),
(864, 32, '2024-02-26', 'sapa pagi', '2024-02-29 08:05:15', '2024-02-29 08:05:15', '0000-00-00 00:00:00'),
(865, 32, '2024-02-26', 'membuat kipapp', '2024-02-29 08:05:32', '2024-02-29 08:05:32', '0000-00-00 00:00:00'),
(866, 32, '2024-02-29', 'sapa pagi', '2024-02-29 08:06:02', '2024-02-29 08:06:02', '0000-00-00 00:00:00'),
(867, 32, '2024-02-29', 'membuat kipApp bln feb', '2024-02-29 08:06:42', '2024-02-29 08:06:42', '0000-00-00 00:00:00'),
(868, 23, '2024-03-01', 'membuat SKPP an. Tri Mulyaningsih, Buyung F dan Abdul Aliem', '2024-03-01 02:40:19', '2024-03-01 02:40:19', '0000-00-00 00:00:00'),
(869, 40, '2024-03-01', 'Olahraga senam, jalan sehat dan tenis meja \r\nMenyiapkan kueioner SHPED\r\nBOS\r\nMenilai SKP\r\nMengisi Kipapp', '2024-03-01 07:09:47', '2024-03-01 07:09:47', '0000-00-00 00:00:00'),
(871, 23, '2024-03-04', 'membuat SK KGB pegawai dengan TMT KGB bulan April 2024, laporan Saldo rekening bendahara pengeluaran dan konfirmasi pajak KPPN', '2024-03-04 02:22:41', '2024-03-04 02:22:41', '0000-00-00 00:00:00'),
(872, 1, '2024-03-04', 'pemeriksaan dokumen susenas\r\n', '2024-03-04 03:59:49', '2024-03-04 03:59:49', '0000-00-00 00:00:00'),
(873, 1, '2024-03-01', 'pemeriksaan dokumen susenas\r\n', '2024-03-04 04:00:01', '2024-03-04 04:00:01', '0000-00-00 00:00:00'),
(874, 9, '2024-03-04', 'Mengikuti pembinaan SAKIP online', '2024-03-04 04:17:24', '2024-03-04 04:17:24', '0000-00-00 00:00:00'),
(875, 9, '2024-03-04', 'Rapat ketua Tim', '2024-03-04 04:17:36', '2024-03-04 04:17:36', '0000-00-00 00:00:00'),
(876, 40, '2024-03-04', 'Apel Sapa Pagi\r\nRapat TPID\r\nKonfirmasi Responden SHPED\r\nRapat Ketua TIM\r\nRevisi Pengajuan Surat Tugas\r\nRevisi Perlengkapan SPJ\r\nKipapp', '2024-03-04 08:31:39', '2024-03-04 08:31:39', '0000-00-00 00:00:00'),
(877, 23, '2024-03-05', 'pengajuan TK Februari 2024', '2024-03-05 02:49:16', '2024-03-05 02:49:16', '0000-00-00 00:00:00'),
(878, 9, '2024-03-05', 'Koordinasi Desa cantik ke Banjarsari dan Kenduren', '2024-03-06 02:07:19', '2024-03-06 02:07:19', '0000-00-00 00:00:00'),
(879, 9, '2024-03-06', 'Mengikuti Sosialisasi Srikandi', '2024-03-06 02:07:38', '2024-03-06 02:07:38', '0000-00-00 00:00:00'),
(880, 23, '2024-03-06', 'membukukan transaksi keuangan, membuat DRPP, dan membuat GUP', '2024-03-06 02:51:19', '2024-03-06 02:51:19', '0000-00-00 00:00:00'),
(881, 30, '2024-03-01', 'Kegiatan senam RB', '2024-03-06 07:15:26', '2024-03-06 07:15:26', '0000-00-00 00:00:00'),
(882, 30, '2024-03-01', 'Membuat bukti RB', '2024-03-06 07:15:41', '2024-03-06 07:15:41', '0000-00-00 00:00:00'),
(883, 30, '2024-03-04', 'Pembinaan SAKIP', '2024-03-06 07:15:56', '2024-03-06 07:15:56', '0000-00-00 00:00:00'),
(884, 30, '2024-03-04', 'Mengalokasi di fasih vhts', '2024-03-06 07:16:21', '2024-03-06 07:16:21', '0000-00-00 00:00:00'),
(885, 30, '2024-03-04', 'Rapat ketua tim', '2024-03-06 07:16:41', '2024-03-06 07:16:41', '0000-00-00 00:00:00'),
(886, 30, '2024-03-05', 'Membuat SPJ, BAST, BOS', '2024-03-06 07:18:45', '2024-03-06 07:18:45', '0000-00-00 00:00:00'),
(887, 30, '2024-03-05', 'Mengikuti pelatihan vhts di youtube', '2024-03-06 07:19:07', '2024-03-06 07:19:07', '0000-00-00 00:00:00'),
(888, 30, '2024-03-06', 'Pemeriksaan susenas ', '2024-03-06 07:19:20', '2024-03-06 07:19:20', '0000-00-00 00:00:00'),
(889, 30, '2024-03-06', 'Mengikuti rapat RB', '2024-03-06 07:19:29', '2024-03-06 07:19:29', '0000-00-00 00:00:00'),
(890, 9, '2024-03-06', 'Rabu RB', '2024-03-06 08:20:33', '2024-03-06 08:20:33', '0000-00-00 00:00:00'),
(891, 40, '2024-03-06', 'apel sapa pagi\r\nRapat TPID\r\nPemeriksaan Susenas\r\nRapat RB\r\nKonfirmasi Responden SHPED\r\nKonfirmasi Perangakt SHPBG', '2024-03-06 08:29:43', '2024-03-06 08:29:43', '0000-00-00 00:00:00'),
(892, 1, '2024-03-06', 'pengawasan susenas', '2024-03-06 08:37:51', '2024-03-06 08:37:51', '0000-00-00 00:00:00'),
(893, 1, '2024-03-06', 'rapat RB', '2024-03-06 08:38:13', '2024-03-06 08:38:13', '0000-00-00 00:00:00'),
(894, 1, '2024-03-06', 'Run Anomali Sakernas', '2024-03-06 08:38:24', '2024-03-06 08:38:24', '0000-00-00 00:00:00'),
(895, 7, '2024-03-04', 'SAKIP, rapat ketua tim, persiapan SKD', '2024-03-07 04:05:29', '2024-03-07 04:05:29', '0000-00-00 00:00:00'),
(896, 7, '2024-03-05', 'Briefing SKD< pemeriksaan Susenas\r\n', '2024-03-07 04:05:40', '2024-03-07 04:05:40', '0000-00-00 00:00:00'),
(897, 7, '2024-03-06', 'pemeriksaan susenas, rapat RB', '2024-03-07 04:05:52', '2024-03-07 04:05:52', '0000-00-00 00:00:00'),
(898, 23, '2024-03-07', 'pengajuan gaji April 2024 dan uang makan Februari 2024', '2024-03-07 07:05:41', '2024-03-07 07:05:41', '0000-00-00 00:00:00'),
(899, 1, '2024-03-07', 'validasi susenas', '2024-03-07 08:28:09', '2024-03-07 08:28:09', '0000-00-00 00:00:00'),
(900, 1, '2024-03-07', 'pembuatan laporan adobe cc', '2024-03-07 08:28:23', '2024-03-07 08:28:23', '0000-00-00 00:00:00'),
(901, 1, '2024-03-07', 'menyiapkan Komputer untuk literasi statistik', '2024-03-07 08:29:03', '2024-03-07 08:29:03', '0000-00-00 00:00:00'),
(902, 40, '2024-03-07', 'apel sapa pagi\r\nKonfirmasi SHPED\r\nPemeriksaan SHP\r\nKipapp\r\nMembuat BAST\r\nMembuat SPJ \r\nBOS\r\nPemeriksaan Susenas\r\nMonitoring SHP\r\nEntri SHPB\r\nMonitoring SHPB\r\nFasih SHPBP', '2024-03-07 08:53:16', '2024-03-07 08:53:16', '0000-00-00 00:00:00'),
(903, 23, '2024-03-08', 'pengajuan pencairan honor mitra bulanan, pengajuan pencairan GUP KKP', '2024-03-08 02:30:48', '2024-03-08 02:30:48', '0000-00-00 00:00:00'),
(904, 9, '2024-03-08', 'Jumat Rohani', '2024-03-08 06:46:45', '2024-03-08 06:46:45', '0000-00-00 00:00:00'),
(905, 9, '2024-03-08', 'Kirim berkas SKP Sulaeman dan Herwastuti', '2024-03-08 06:47:15', '2024-03-08 06:47:15', '0000-00-00 00:00:00'),
(906, 9, '2024-03-08', 'Cek rumah dinas (Pohon  rencana di tebang)', '2024-03-08 06:47:45', '2024-03-08 06:47:45', '0000-00-00 00:00:00'),
(907, 40, '2024-03-08', 'Tahlil dan Pengajian\r\nkonfirmasi Responden SHPED\r\nPengawasan SHPB\r\nPemeriksaan SHPB\r\nEntri SHPB\r\nMonitoring SHPB\r\nMonitoring SHP', '2024-03-08 08:51:51', '2024-03-08 08:51:51', '0000-00-00 00:00:00'),
(908, 30, '2024-03-07', 'Mengikuti tamu pusat supervisi ubinan pasca banjir', '2024-03-08 09:08:28', '2024-03-08 09:08:28', '0000-00-00 00:00:00'),
(909, 30, '2024-03-08', 'Kegiatan Jumat Rohani', '2024-03-08 09:08:51', '2024-03-08 09:08:51', '0000-00-00 00:00:00'),
(910, 30, '2024-03-08', 'Pemeriksaan Susenas', '2024-03-08 09:09:04', '2024-03-08 09:09:04', '0000-00-00 00:00:00'),
(911, 40, '2024-03-13', 'Rapat Inflasi zoom meeting\r\nMembuat BAST\r\nMemeriksa SUSENAS\r\nMemeriksa SHPB\r\nMonitoring SHP\r\nMonitoring SHKD\r\nMonitoring SHPB\r\nEntri SHPB', '2024-03-13 07:33:16', '2024-03-13 07:33:16', '0000-00-00 00:00:00'),
(912, 1, '2024-03-13', '- running anomali sakernas\r\n- validasi susenas\r\n- install susenas\r\n- koordinasi mitra pengolahan', '2024-03-14 04:15:11', '2024-03-14 04:15:11', '0000-00-00 00:00:00'),
(913, 1, '2024-03-14', '- install aplikasi susenas\r\n- koordinasi mitra pengolahan\r\n- perbaikan sample cadangan susenas\r\n- validasi susensa', '2024-03-14 04:16:06', '2024-03-14 04:16:06', '0000-00-00 00:00:00'),
(914, 23, '2024-03-13', 'merapikan dan melengkapi spj GUP Februari 2024', '2024-03-14 05:05:09', '2024-03-14 05:05:09', '0000-00-00 00:00:00'),
(915, 23, '2024-03-14', 'input realisasi permintaan anggaran di aplikasi BOS', '2024-03-14 05:06:06', '2024-03-14 05:06:06', '0000-00-00 00:00:00'),
(916, 1, '2024-03-15', 'validasi susenas dan Seruti', '2024-03-15 04:15:30', '2024-03-15 04:15:30', '0000-00-00 00:00:00'),
(917, 1, '2024-03-15', 'ngerjain kipapp\r\n', '2024-03-15 04:38:14', '2024-03-15 04:38:14', '0000-00-00 00:00:00'),
(918, 40, '2024-03-15', 'Rapat Internalisasi Penyusunan LKE Zona Integritas BPS Provinsi Jawa Tengah via zoom meeting\r\nTadarus Al Quran Juz 29\r\nMonitoring SHP\r\nMonitoring SHPB\r\nMonitoring SHKD ', '2024-03-19 02:07:15', '2024-03-19 02:07:15', '0000-00-00 00:00:00'),
(919, 40, '2024-03-18', 'Rapat Inflasi Kemendagri via Zoom meeting\r\nValidasi SPDT\r\nMemeriksa SHP\r\nMemeriksa SHPB\r\nEntri SHPB\r\nKipapp\r\nEvita', '2024-03-19 02:09:45', '2024-03-19 02:09:45', '0000-00-00 00:00:00'),
(920, 23, '2024-03-15', 'mengerjakan permindok 22', '2024-03-19 02:59:05', '2024-03-19 02:59:05', '0000-00-00 00:00:00'),
(921, 23, '2024-03-18', 'mengerjakan IKI 2023 dalam rangka RB', '2024-03-19 03:01:06', '2024-03-19 03:01:06', '0000-00-00 00:00:00'),
(922, 23, '2024-03-19', 'membuat CMS honor Sakernas dan transfer ke petugas Sakernas Februari 2024', '2024-03-19 03:02:24', '2024-03-19 03:02:24', '0000-00-00 00:00:00'),
(923, 40, '2024-03-19', 'apel sapa pagi\r\nmonitoring shp\r\nmonitoring shpj \r\nmonitoring shkd\r\nmonitoring shd\r\nmembuat bast\r\nrapat ketua tim', '2024-03-19 07:52:32', '2024-03-19 07:52:32', '0000-00-00 00:00:00'),
(924, 23, '2024-03-20', 'Periksa kelengkapan SPJ translok bulan Februari 2024', '2024-03-20 05:13:17', '2024-03-20 05:13:17', '0000-00-00 00:00:00'),
(925, 23, '2024-03-21', 'mengerjakan RB ', '2024-03-22 02:40:32', '2024-03-22 02:40:32', '0000-00-00 00:00:00'),
(927, 40, '2024-03-22', 'tadarus juz 29\r\nrekonsiliasi harga BPS Jateng\r\nvalidasi SHPED\r\nvalidasi Susenas', '2024-03-22 08:10:27', '2024-03-22 08:10:27', '0000-00-00 00:00:00'),
(928, 23, '2024-03-25', 'pengajuan SPM GUP, mengerjakan RB', '2024-03-26 03:54:57', '2024-03-26 03:54:57', '0000-00-00 00:00:00'),
(929, 23, '2024-03-26', 'pengajuan pencairan TH THR, mengerjakan RB, buat CMS dan transfer translok bulanan', '2024-03-26 03:56:51', '2024-03-26 03:56:51', '0000-00-00 00:00:00'),
(930, 23, '2024-03-22', 'pengajuan pencairan Gaji THR, mengerjakan pembukuan untuk pengajuan GU', '2024-03-26 03:57:46', '2024-03-26 03:57:46', '0000-00-00 00:00:00'),
(931, 40, '2024-03-25', 'apel pagi\r\nRapat Inflasi Kemendagri\r\nMengisi alamat perusahaan Survei Harga Produsen\r\nValidasi Susenas', '2024-03-27 03:07:18', '2024-03-27 03:07:18', '0000-00-00 00:00:00'),
(932, 40, '2024-03-26', 'apel Pagi\r\nValidasi SHPED\r\nValidasi Susenas\r\nKipapp\r\nEvita\r\nMonitoring Survei Harga Produsen', '2024-03-27 03:08:54', '2024-03-27 03:08:54', '0000-00-00 00:00:00'),
(933, 23, '2024-03-27', 'mengerjakan  RB, mencetak SPBy dan Kuitansi', '2024-03-27 04:14:31', '2024-03-27 04:14:31', '0000-00-00 00:00:00'),
(934, 40, '2024-03-27', 'apel sapa pagi\r\nRapat Rekonsolisasi Data Harga BPS RI\r\nValidasi Susenas\r\nKonfirmasi data harga\r\nentri suplemen SHP\r\nEvita\r\nMonitoring SHP\r\nKipapp\r\nMembuat dukungan dan bukti RB\r\n', '2024-03-27 07:47:33', '2024-03-27 07:47:33', '0000-00-00 00:00:00');

-- --------------------------------------------------------

--
-- Table structure for table `migrations`
--

CREATE TABLE `migrations` (
  `id` bigint(20) UNSIGNED NOT NULL,
  `version` varchar(255) NOT NULL,
  `class` varchar(255) NOT NULL,
  `group` varchar(255) NOT NULL,
  `namespace` varchar(255) NOT NULL,
  `time` int(11) NOT NULL,
  `batch` int(11) UNSIGNED NOT NULL
) ENGINE=InnoDB DEFAULT CHARSET=utf8 COLLATE=utf8_general_ci;

--
-- Dumping data for table `migrations`
--

INSERT INTO `migrations` (`id`, `version`, `class`, `group`, `namespace`, `time`, `batch`) VALUES
(7, '2023-12-29-075205', 'App\\Database\\Migrations\\Users', 'default', 'App', 1704162176, 1),
(17, '2017-11-20-223112', 'Myth\\Auth\\Database\\Migrations\\CreateAuthTables', 'default', 'Myth\\Auth', 1704251736, 2),
(18, '2023-12-29-081618', 'App\\Database\\Migrations\\IzinKeluar', 'default', 'App', 1704251736, 2),
(19, '2024-01-02-021540', 'App\\Database\\Migrations\\Pegawai', 'default', 'App', 1704251736, 2),
(20, '2024-01-02-022426', 'App\\Database\\Migrations\\Dummy', 'default', 'App', 1704251736, 2);

-- --------------------------------------------------------

--
-- Table structure for table `pegawai`
--

CREATE TABLE `pegawai` (
  `id` int(5) UNSIGNED NOT NULL,
  `name` varchar(50) NOT NULL,
  `user_id` int(5) UNSIGNED NOT NULL,
  `jabatan` text DEFAULT NULL,
  `created_at` datetime DEFAULT NULL,
  `updated_at` datetime DEFAULT NULL,
  `deleted_at` datetime DEFAULT NULL
) ENGINE=InnoDB DEFAULT CHARSET=utf8 COLLATE=utf8_general_ci;

-- --------------------------------------------------------

--
-- Table structure for table `users`
--

CREATE TABLE `users` (
  `id` int(11) UNSIGNED NOT NULL,
  `email` varchar(255) NOT NULL,
  `username` varchar(30) DEFAULT NULL,
  `fullname` varchar(255) DEFAULT NULL,
  `user_image` varchar(255) DEFAULT 'default.png',
  `password_hash` varchar(255) NOT NULL,
  `reset_hash` varchar(255) DEFAULT NULL,
  `reset_at` datetime DEFAULT NULL,
  `reset_expires` datetime DEFAULT NULL,
  `activate_hash` varchar(255) DEFAULT NULL,
  `status` varchar(255) DEFAULT NULL,
  `status_message` varchar(255) DEFAULT NULL,
  `active` tinyint(1) NOT NULL DEFAULT 0,
  `force_pass_reset` tinyint(1) NOT NULL DEFAULT 0,
  `created_at` datetime DEFAULT NULL,
  `updated_at` datetime DEFAULT NULL,
  `deleted_at` datetime DEFAULT NULL
) ENGINE=InnoDB DEFAULT CHARSET=utf8 COLLATE=utf8_general_ci;

--
-- Dumping data for table `users`
--

INSERT INTO `users` (`id`, `email`, `username`, `fullname`, `user_image`, `password_hash`, `reset_hash`, `reset_at`, `reset_expires`, `activate_hash`, `status`, `status_message`, `active`, `force_pass_reset`, `created_at`, `updated_at`, `deleted_at`) VALUES
(1, 'amuhshi@gmail.com', 'muhshi', 'M Abdul Muhshi', 'default.png', '$2y$10$ZvQ.dc4mgl2mH73WpwePx.kGfP7M8AsyAyH3BFQFxmkV.0F7xgn9.', '4f0dd6c1c154a14948912d21cf6de4dd', '2024-01-08 08:16:44', '2024-03-14 05:12:46', NULL, NULL, NULL, 1, 0, '2024-01-03 03:18:28', '2024-03-14 04:12:46', NULL),
(2, 'wiwiw@bps.go.id', 'wiwiw', 'Wiwi Wilujeng Kusumawati', 'default.png', '$2y$10$vNSanM2HxXpyqNx/XvW9juameunPDRGAh9iS3XTsRPorAl8.a1rpW', NULL, '2024-01-10 02:37:11', NULL, NULL, NULL, NULL, 1, 0, '2024-01-03 03:22:28', '2024-01-10 02:37:11', NULL),
(6, 'masykuri.zaen@bps.go.id', 'zaen', 'Masykuri Zaen', 'default.png', '$2y$10$GJy0RVj/vjNzJI72OQ9VOed7JRkSOMPL.lr3LfoQ5TSftPZ0mtL6K', NULL, NULL, NULL, NULL, NULL, NULL, 1, 0, '2024-01-08 01:40:23', '2024-01-09 08:12:07', NULL),
(7, 'paramitha@bps.go.id', 'paramitha', 'Paramitha Hanifia', 'default.png', '$2y$10$Dvejl3SFgBwMvGY2V6dOCOSc3V56Cr8PKuQM6Oaf2eqTV.h8uCx7u', NULL, NULL, NULL, NULL, NULL, NULL, 1, 0, '2024-01-09 08:39:07', '2024-01-09 08:39:07', NULL),
(8, 'nur.kurnia@bps.go.id', 'nurkurnia', 'Nur Kurniawati', 'default.png', '$2y$10$7r0W62Bi97LKdQRE7iGYvuFGaZVmBNEXCQn7BOl3anP0H7BGT7HWq', NULL, NULL, NULL, NULL, NULL, NULL, 1, 0, '2024-01-09 08:40:53', '2024-01-09 08:40:53', NULL),
(9, 'ciptomadhani@bps.go.id', 'ciptomadhani', 'Sucipto ', 'default.png', '$2y$10$N7b6oYq6EcCV7zxe5lgte.Y0uQMk5xYVREyQ4vlotzQm6k6Y/wte2', NULL, NULL, NULL, NULL, NULL, NULL, 1, 0, '2024-01-10 02:02:08', '2024-01-10 02:02:08', NULL),
(10, 'henriw@bps.go.id', 'henriw', 'Henri Wagiyanto', 'default.png', '$2y$10$pMKlEFhUokxQMrwaGRIQqeh7yshf5tLbbO/vLZq05o7blv50Ee6VK', NULL, NULL, NULL, NULL, NULL, NULL, 1, 0, '2024-01-10 02:02:44', '2024-01-10 02:02:44', NULL),
(11, 'imam.sugiarto@bps.go.id', 'Imam', 'Imam Sugiarto', 'default.png', '$2y$10$j3sK0wc36IQmdPPY89LKtOQWMN9ErrrRK3qTD5kvRvPxhc0skTk1m', NULL, NULL, NULL, NULL, NULL, NULL, 1, 0, '2024-01-10 02:07:04', '2024-01-10 02:07:04', NULL),
(12, 'ajhie@bps.go.id', 'ajhie', 'Aji Wahyu Ramadhani', 'default.png', '$2y$10$yq4uYdHjO4kUGJshO1IdMOsQlN9u45zEU.WOi9DIcBLz/K9osgXbC', NULL, '2024-01-10 07:03:40', NULL, NULL, NULL, NULL, 1, 0, '2024-01-10 02:08:45', '2024-01-10 07:03:40', NULL),
(13, 'edy.utomo@bps.go.id', 'edyutomo', 'Edy budi utomo', 'default.png', '$2y$10$5cGy5eYcoBYbfWAl2Sdc3O/alwn3ild4lu/eF4nsWLUFzzdbpKO2G', '8080d6de3f8e7b2879dc0971e2ece5ce', NULL, '2024-01-15 03:11:20', NULL, NULL, NULL, 1, 0, '2024-01-10 02:11:46', '2024-01-15 02:11:20', NULL),
(14, 'prayogisuko@bps.go.id', 'Prayogisuko', 'Suko prayogi', 'default.png', '$2y$10$OkBKZpVdS.k5.kPpLmW0e.t/Nnv2e9Uc.8NukfG8jJmMTdek1kIH.', NULL, NULL, NULL, NULL, NULL, NULL, 1, 0, '2024-01-10 02:12:37', '2024-01-10 02:12:37', NULL),
(15, 'siswo.pranyoto@bps.go.id', 'Kungnyoto030', 'Siswo pranyoto', 'default.png', '$2y$10$Lk/ngOaScPdoRuVpNuV7DOq8jourpkYDymlXDh3D5b.8D.S1NNyBW', 'c909f0135e2deed6733217c236a6e2b5', NULL, '2024-01-15 03:44:24', NULL, NULL, NULL, 1, 0, '2024-01-10 02:16:34', '2024-01-15 02:44:24', NULL),
(16, 'maaziz@bps.go.id', 'maaziz', 'Muhamad Abdul Aziz', 'default.png', '$2y$10$TKxZJbh8z2yNtqqTJscELOIAnO9EvNpcXV2QZh8YFZLalIb/4tq8G', NULL, '2024-02-23 02:12:56', NULL, NULL, NULL, NULL, 1, 0, '2024-01-10 02:17:05', '2024-02-23 02:12:56', NULL),
(17, 'siswo2@bps.go.id', 'Siswo', 'Siswo', 'default.png', '$2y$10$6DXc1yk/Unxtps9I/KcMIuaGwUT6ksEhkQHhIOunoK31UvZv52wu6', NULL, '2024-02-21 01:43:38', NULL, NULL, NULL, NULL, 1, 0, '2024-01-10 02:18:29', '2024-02-21 01:43:38', NULL),
(18, 'maruf.sy@bps.go.id', 'M4rufsy010', 'Ma\'ruf Susilo Yuwono', 'default.png', '$2y$10$VSvU8TrUycpGf0KoOwMBUe70YW5BmjhaPxMGR3E.CjlZMQT1cld3m', NULL, NULL, NULL, NULL, NULL, NULL, 1, 0, '2024-01-10 02:24:18', '2024-01-10 02:24:18', NULL),
(19, 'anjung.budi@bps.go.id', 'Anjung', 'Anjung Budi Cahyono ', 'default.png', '$2y$10$hSdpJuNzuZhOKgjA5uLJRu467Wj7t4bu/BFdQp6sZbQJDOWA5S1ru', NULL, NULL, NULL, NULL, NULL, NULL, 1, 0, '2024-01-10 02:27:35', '2024-01-10 02:27:35', NULL),
(20, 'abdul.khalim@bps.go.id', 'abdulkhalim', 'Abdul khalim', 'default.png', '$2y$10$WMivQuCndXUs/QwhmxjT..kCik/1DWsKPZNx/ppiTJ2y3zgFujoaW', NULL, '2024-01-10 02:41:42', NULL, NULL, NULL, NULL, 1, 0, '2024-01-10 02:33:46', '2024-01-10 02:41:42', NULL),
(21, 'supriharto2@bps.go.id', 'Harto2', 'Supriharto2 ', 'default.png', '$2y$10$QYSJgxNyTasBhGqyyH9iXuKucryhPO9hDQcUJong3O6XYSP2Wznlq', NULL, NULL, NULL, NULL, NULL, NULL, 1, 0, '2024-01-10 02:34:28', '2024-01-10 02:34:28', NULL),
(22, 'buyungfirman@gmail.com', 'buyung', 'Buyung Firmansyah', NULL, '$2y$10$W.gygC3dIqo/tJJZI/NoSubHv00tGzlEHnqEpublczz23oXbC9n3O', NULL, NULL, NULL, NULL, NULL, NULL, 1, 0, '2024-01-11 06:26:29', '2024-01-11 06:26:29', NULL),
(23, 'khusnul.khotimah@bps.go.id', 'HUSNUL', 'HUSNUL', NULL, '$2y$10$ONUE7G75EmTFKjWe8lx0EuFyMstroENIqdmrSOrvhY67XEvzXp/BW', NULL, NULL, NULL, NULL, NULL, NULL, 1, 0, '2024-01-12 02:58:03', '2024-01-12 02:58:03', NULL),
(24, 'herwastuti.oktaviani@bps.go.id', 'herwastuti', 'Herwastuti Dwi Oktaviani', NULL, '$2y$10$a5eJWzRXzTewVg/7cbLbeeNmtDaJDv7R4z9nvM3ho5YYtuqUAgwlq', NULL, NULL, NULL, NULL, NULL, NULL, 1, 0, '2024-01-12 02:58:15', '2024-01-12 02:58:15', NULL),
(25, 'syahdi@bps.go.id', 'syahdi', 'Ahmad Syahdi Hamid', NULL, '$2y$10$x.brNv5uVBILFNnW5q93HOKtP3azRljeY/PcpRvmJ7yWnWpjtKeUa', NULL, NULL, NULL, NULL, NULL, NULL, 1, 0, '2024-01-15 01:08:00', '2024-01-15 01:08:00', NULL),
(26, 'musyafaah@bps.go.id', 'Syafa', 'Musyafaah', NULL, '$2y$10$rfb4OFTTC9nMZnBF4HMq0OLHCrfqvVGoi09r4fP2SH4NF/Zpoiqca', NULL, NULL, NULL, NULL, NULL, NULL, 1, 0, '2024-01-15 01:10:39', '2024-01-15 01:10:39', NULL),
(27, 'yudia.hasibuan@bps.go.id', 'Yudiahasibuan', 'Yudia pratidina hasibuan', NULL, '$2y$10$Np8C30NcTOCSQOH5HerYT.P65lPBQeB8qoKfXgOrk8JE.sJ4wn84a', NULL, NULL, NULL, NULL, NULL, NULL, 1, 0, '2024-01-15 01:29:10', '2024-01-15 01:29:10', NULL),
(28, 'eena.the@gmail.com', 'Lydia Mirna', 'Lydia Mirna Wening Handayani', NULL, '$2y$10$9Y3pnkdxjvVgD35gBQB8PesJb.2EjssG6KTAFlnm.wpuuKyhMtm0e', NULL, '2024-01-25 01:52:54', NULL, NULL, NULL, NULL, 1, 0, '2024-01-15 01:42:22', '2024-01-25 01:52:54', NULL),
(29, 'rini.astuti@bps.go.id', 'rini astuti', 'Rini Astuti', NULL, '$2y$10$qEwIGgPricsAFaikp065pu/lX7CFPHZ.Bw8RpRgpUD9QT5JXboDca', NULL, NULL, NULL, NULL, NULL, NULL, 1, 0, '2024-01-15 01:43:40', '2024-01-15 01:43:40', NULL),
(30, 'muna@bps.go.id', 'muna', 'Muna', NULL, '$2y$10$mLGaiWe2QQHNZovkozIRuexdmlGCRewbRtYGTDAn/sbk4agOwX3R2', NULL, NULL, NULL, NULL, NULL, NULL, 1, 0, '2024-01-15 01:43:57', '2024-01-15 01:43:57', NULL),
(31, 'aris.sutikno@bps.go.id', 'Aris Sutikno', 'Aris Sutikno', NULL, '$2y$10$hPRI8zouMf5sNo51jl3OM.eXU9yt9uJUfI327htV.w0k6vIq.G5xq', NULL, NULL, NULL, NULL, NULL, NULL, 1, 0, '2024-01-15 01:44:44', '2024-01-15 01:44:44', NULL),
(32, 'ani.murwani@bps.go.id', 'aniek', 'Ani Murwani', NULL, '$2y$10$.DWwRSc8CWQw4VJ9wYO/Ze7dMMDxyBrFcFviPpK.G3VJYQXi3tlX2', NULL, NULL, NULL, NULL, NULL, NULL, 1, 0, '2024-01-15 02:02:31', '2024-01-15 02:02:31', NULL),
(33, 'aliemsiddiq@bps.go.id', 'aliemsiddiq', 'Abdul Aliem Siddique', NULL, '$2y$10$NpztrlHaQqqH.Y9dDYRGVuVWjYfsuEhl8MyKXvWVVztoVq5jhUr4.', NULL, NULL, NULL, NULL, NULL, NULL, 1, 0, '2024-01-15 02:02:52', '2024-01-15 02:02:52', NULL),
(34, 'moh.saiful@bps.go.id', 'Saiful', 'Moh. Saiful', NULL, '$2y$10$8c436oagfKoeWxhpgjztMukpOMmWNybhhnS2Xl8WXpgywBmJEgglS', '7cfbdd55b0969f3b36b206e1c26df095', NULL, '2024-02-07 05:29:38', NULL, NULL, NULL, 1, 0, '2024-01-15 02:08:31', '2024-02-07 04:29:38', NULL),
(35, 'sulaeman@bps.go.id', 'SULAEMAN', 'SULAEMAN', NULL, '$2y$10$Vd/yUWwGmXGBbr7YYFV3W.Fu6M5YZrW8d/eYub5lfaInpJDguD9oK', NULL, NULL, NULL, NULL, NULL, NULL, 1, 0, '2024-01-15 02:16:07', '2024-01-15 02:16:07', NULL),
(36, 'tri_mulya@bps.go.id', 'Nining3321', 'Tri Mulyaningsih', NULL, '$2y$10$Tsvd8u/PlXcFFlcEfefjB.zKSpt5Mn1hPTWbXOIX/7RerXI.wrNVi', NULL, NULL, NULL, NULL, NULL, NULL, 1, 0, '2024-01-15 02:21:08', '2024-01-15 02:21:08', NULL),
(37, 'rifki@bps.go.id', 'rifki', 'Rifki Sunu Wibowo', NULL, '$2y$10$plUtZ9vEU/gPZzMXWRFC2OIM9DOM04Oo9/BesR0FN61wtL39QGmpe', NULL, '2024-01-29 06:35:32', NULL, NULL, NULL, NULL, 1, 0, '2024-01-15 02:32:25', '2024-01-29 06:35:32', NULL),
(38, 'nunungsusanti1974@gmail.com', 'nunung', 'nunung susanti', NULL, '$2y$10$5dueltz1M3aFjBqs0WshC.nVXZCTwQfXQQ8PJvUqeLubqUTtfa2zG', NULL, NULL, NULL, NULL, NULL, NULL, 1, 0, '2024-01-18 03:47:42', '2024-01-18 03:47:42', NULL),
(39, 'sugiarto.mukti.5758@gmail.com', 'Sugiarto', 'imam.sugiarto', NULL, '$2y$10$7B5djfXA5pX2bEpIi7GU9e0QPCl9maxgfcZUHbrT.UG8fh06GGrSu', NULL, NULL, NULL, NULL, NULL, NULL, 1, 0, '2024-01-18 05:36:37', '2024-01-18 05:36:37', NULL),
(40, 'budi.arif@bps.go.id', 'budiarif', 'Budi Arif Nugrhoho', NULL, '$2y$10$GIoTRn/s4Qy9YUR8PmwtZ.tQoTF3dRCZHrGZfdTFZWTnO5ikNyjMO', NULL, NULL, NULL, NULL, NULL, NULL, 1, 0, '2024-01-18 05:41:25', '2024-01-18 05:41:25', NULL),
(41, 'sugiartomukti3@gmail.com', 'Giarto', 'imam sugiarto', NULL, '$2y$10$6FiT.nsuu5hlx6E.Yczg6u5zTE3x0CoBqr1gZKCInuxxjHqXGx0l2', NULL, NULL, NULL, NULL, NULL, NULL, 1, 0, '2024-01-19 02:07:51', '2024-01-19 02:07:51', NULL);

--
-- Indexes for dumped tables
--

--
-- Indexes for table `atasan`
--
ALTER TABLE `atasan`
  ADD PRIMARY KEY (`id`);

--
-- Indexes for table `auth_activation_attempts`
--
ALTER TABLE `auth_activation_attempts`
  ADD PRIMARY KEY (`id`);

--
-- Indexes for table `auth_groups`
--
ALTER TABLE `auth_groups`
  ADD PRIMARY KEY (`id`);

--
-- Indexes for table `auth_groups_permissions`
--
ALTER TABLE `auth_groups_permissions`
  ADD KEY `auth_groups_permissions_permission_id_foreign` (`permission_id`),
  ADD KEY `group_id_permission_id` (`group_id`,`permission_id`);

--
-- Indexes for table `auth_groups_users`
--
ALTER TABLE `auth_groups_users`
  ADD KEY `auth_groups_users_user_id_foreign` (`user_id`),
  ADD KEY `group_id_user_id` (`group_id`,`user_id`);

--
-- Indexes for table `auth_logins`
--
ALTER TABLE `auth_logins`
  ADD PRIMARY KEY (`id`),
  ADD KEY `email` (`email`),
  ADD KEY `user_id` (`user_id`);

--
-- Indexes for table `auth_permissions`
--
ALTER TABLE `auth_permissions`
  ADD PRIMARY KEY (`id`);

--
-- Indexes for table `auth_reset_attempts`
--
ALTER TABLE `auth_reset_attempts`
  ADD PRIMARY KEY (`id`);

--
-- Indexes for table `auth_tokens`
--
ALTER TABLE `auth_tokens`
  ADD PRIMARY KEY (`id`),
  ADD KEY `auth_tokens_user_id_foreign` (`user_id`),
  ADD KEY `selector` (`selector`);

--
-- Indexes for table `auth_users_permissions`
--
ALTER TABLE `auth_users_permissions`
  ADD KEY `auth_users_permissions_permission_id_foreign` (`permission_id`),
  ADD KEY `user_id_permission_id` (`user_id`,`permission_id`);

--
-- Indexes for table `dummy`
--
ALTER TABLE `dummy`
  ADD PRIMARY KEY (`id`);

--
-- Indexes for table `izin`
--
ALTER TABLE `izin`
  ADD PRIMARY KEY (`id`);

--
-- Indexes for table `laporan`
--
ALTER TABLE `laporan`
  ADD PRIMARY KEY (`id`);

--
-- Indexes for table `migrations`
--
ALTER TABLE `migrations`
  ADD PRIMARY KEY (`id`);

--
-- Indexes for table `pegawai`
--
ALTER TABLE `pegawai`
  ADD PRIMARY KEY (`id`);

--
-- Indexes for table `users`
--
ALTER TABLE `users`
  ADD PRIMARY KEY (`id`),
  ADD UNIQUE KEY `email` (`email`),
  ADD UNIQUE KEY `username` (`username`);

--
-- AUTO_INCREMENT for dumped tables
--

--
-- AUTO_INCREMENT for table `atasan`
--
ALTER TABLE `atasan`
  MODIFY `id` int(11) NOT NULL AUTO_INCREMENT, AUTO_INCREMENT=16;

--
-- AUTO_INCREMENT for table `auth_activation_attempts`
--
ALTER TABLE `auth_activation_attempts`
  MODIFY `id` int(11) UNSIGNED NOT NULL AUTO_INCREMENT;

--
-- AUTO_INCREMENT for table `auth_groups`
--
ALTER TABLE `auth_groups`
  MODIFY `id` int(11) UNSIGNED NOT NULL AUTO_INCREMENT, AUTO_INCREMENT=3;

--
-- AUTO_INCREMENT for table `auth_logins`
--
ALTER TABLE `auth_logins`
  MODIFY `id` int(11) UNSIGNED NOT NULL AUTO_INCREMENT, AUTO_INCREMENT=677;

--
-- AUTO_INCREMENT for table `auth_permissions`
--
ALTER TABLE `auth_permissions`
  MODIFY `id` int(11) UNSIGNED NOT NULL AUTO_INCREMENT, AUTO_INCREMENT=3;

--
-- AUTO_INCREMENT for table `auth_reset_attempts`
--
ALTER TABLE `auth_reset_attempts`
  MODIFY `id` int(11) UNSIGNED NOT NULL AUTO_INCREMENT, AUTO_INCREMENT=19;

--
-- AUTO_INCREMENT for table `auth_tokens`
--
ALTER TABLE `auth_tokens`
  MODIFY `id` int(11) UNSIGNED NOT NULL AUTO_INCREMENT, AUTO_INCREMENT=2;

--
-- AUTO_INCREMENT for table `dummy`
--
ALTER TABLE `dummy`
  MODIFY `id` int(5) UNSIGNED NOT NULL AUTO_INCREMENT;

--
-- AUTO_INCREMENT for table `izin`
--
ALTER TABLE `izin`
  MODIFY `id` int(5) UNSIGNED NOT NULL AUTO_INCREMENT, AUTO_INCREMENT=164;

--
-- AUTO_INCREMENT for table `laporan`
--
ALTER TABLE `laporan`
  MODIFY `id` int(11) NOT NULL AUTO_INCREMENT, AUTO_INCREMENT=935;

--
-- AUTO_INCREMENT for table `migrations`
--
ALTER TABLE `migrations`
  MODIFY `id` bigint(20) UNSIGNED NOT NULL AUTO_INCREMENT, AUTO_INCREMENT=21;

--
-- AUTO_INCREMENT for table `pegawai`
--
ALTER TABLE `pegawai`
  MODIFY `id` int(5) UNSIGNED NOT NULL AUTO_INCREMENT;

--
-- AUTO_INCREMENT for table `users`
--
ALTER TABLE `users`
  MODIFY `id` int(11) UNSIGNED NOT NULL AUTO_INCREMENT, AUTO_INCREMENT=42;

--
-- Constraints for dumped tables
--

--
-- Constraints for table `auth_groups_permissions`
--
ALTER TABLE `auth_groups_permissions`
  ADD CONSTRAINT `auth_groups_permissions_group_id_foreign` FOREIGN KEY (`group_id`) REFERENCES `auth_groups` (`id`) ON DELETE CASCADE,
  ADD CONSTRAINT `auth_groups_permissions_permission_id_foreign` FOREIGN KEY (`permission_id`) REFERENCES `auth_permissions` (`id`) ON DELETE CASCADE;

--
-- Constraints for table `auth_groups_users`
--
ALTER TABLE `auth_groups_users`
  ADD CONSTRAINT `auth_groups_users_group_id_foreign` FOREIGN KEY (`group_id`) REFERENCES `auth_groups` (`id`) ON DELETE CASCADE,
  ADD CONSTRAINT `auth_groups_users_user_id_foreign` FOREIGN KEY (`user_id`) REFERENCES `users` (`id`) ON DELETE CASCADE;

--
-- Constraints for table `auth_tokens`
--
ALTER TABLE `auth_tokens`
  ADD CONSTRAINT `auth_tokens_user_id_foreign` FOREIGN KEY (`user_id`) REFERENCES `users` (`id`) ON DELETE CASCADE;

--
-- Constraints for table `auth_users_permissions`
--
ALTER TABLE `auth_users_permissions`
  ADD CONSTRAINT `auth_users_permissions_permission_id_foreign` FOREIGN KEY (`permission_id`) REFERENCES `auth_permissions` (`id`) ON DELETE CASCADE,
  ADD CONSTRAINT `auth_users_permissions_user_id_foreign` FOREIGN KEY (`user_id`) REFERENCES `users` (`id`) ON DELETE CASCADE;
COMMIT;

/*!40101 SET CHARACTER_SET_CLIENT=@OLD_CHARACTER_SET_CLIENT */;
/*!40101 SET CHARACTER_SET_RESULTS=@OLD_CHARACTER_SET_RESULTS */;
/*!40101 SET COLLATION_CONNECTION=@OLD_COLLATION_CONNECTION */;
